Workbook

Sheet metadata
A1: key: | C1: description
A2: gas | C2: gas that is being measured
A3: units: | B3: co2e | C3: volume of that gas in co2e
B4: (gas) | C4: if the gas is present, the total refernced on the SIT sheet is in terms of the volume of gas emitted, not the co2 equivalent
A5: sit_sheet | C5: sheet in the SIT to reference
A6: sit_row | C6: row in the SIT sheet storing the time series to match

Sheet sum_sheet
A1: subsector | B1: gas | C1: variable_field | D1: variables | E1: accounted | F1: sit_units | G1: sit_gas_measure | H1: sit_sheet | I1: sit_sections | J1: sit_subsections | K1: sit_categories | L1: sit_rows | M1: notes | N1: 1990 | O1: 1991 | P1: 1992 | Q1: 1993 | R1: 1994 | S1: 1995 | T1: 1996 | U1: 1997 | V1: 1998 | W1: 1999 | X1: 2000 | Y1: 2001 | Z1: 2002 | AA1: 2003 | AB1: 2004 | AC1: 2005 | AD1: 2006 | AE1: 2007 | AF1: 2008 | AG1: 2009 | AH1: 2010 | AI1: 2011 | AJ1: 2012 | AK1: 2013 | AL1: 2014 | AM1: 2015 | AN1: 2016 | AO1: 2017 | AP1: 2018 | AQ1: 2019 | AR1: 2020 | AS1: 2021 | AT1: 2022 | AU1: 2023 | AV1: 2024 | AW1: 2025 | AZ1: 2021:MTCO2e:factor | BA1: 2021:MTCO2e:value
A2: Agriculture | B2: ch4 | C2: emission_co2e_ch4_agrc_anaerobicdom_rice | D2: :math:\text{CH}_4 Emissions from Manure Management | E2: 1 | F2: MMT | G2: ch4 | H2: Agriculture | I2: Emissions by Gas (MMTCH4 or MMTN2O) | J2: Methane | K2: Rice Cultivation | L2: 35 | N2: 0.10734434 | O2: 0.10045067 | P2: 0.1221165 | Q2: 0.10438991 | R2: 0.1221165 | S2: 0.11226839 | T2: 0.1049808 | U2: 0.1148289 | V2: 0.1221165 | W2: 0.12132865 | X2: 0.094541805 | Y2: 0.1075413 | Z2: 0.10537472 | AA2: 0.088632942 | AB2: 0.1049808 | AC2: 0.1034051 | AD2: 0.067951922 | AE2: 0.074451671 | AF2: 0.091390411 | AG2: 0.091390411 | AH2: 0.10537472 | AI2: 0.082330155 | AJ2: 0.078193951 | AK2: 0.081345345 | AL2: 0.090996487 | AM2: 0.081739269 | AN2: 0.084299776 | AO2: 0.077800027 | AP2: 0.085875473 | AQ2: 0.05201375 | AR2: 0.09316307 | AS2: 0.081345345 | AT2: 0 | AU2: 0 | AV2: 0 | AW2: 0 | AZ2: 28 | BA2: =+AZ2*AS2 -> 2.2776697 | BC2: =+BA2+BA3 -> 2.3849737
A3: Agriculture | B3: ch4 | C3: emission_co2e_ch4_agrc_biomass_burning | D3: :math:\text{CH}_4 Emissions from Biomass Burning | E3: 1 | F3: MMT | G3: ch4 | H3: Agriculture | I3: Emissions by Gas (MMTCH4 or MMTN2O) | J3: Methane | K3: Burning of Agricultural Crop Waste | L3: 36 | N3: 0.0015555505 | O3: 0.0020815258 | P3: 0.0024065658 | Q3: 0.0023886054 | R3: 0.0025020291 | S3: 0.0027481731 | T3: 0.0028149625 | U3: 0.0031165779 | V3: 0.0034623954 | W3: 0.0040735058 | X3: 0.0040394385 | Y3: 0.0038958669 | Z3: 0.0038190801 | AA3: 0.0034697259 | AB3: 0.0029713343 | AC3: 0.002867873 | AD3: 0.0031997224 | AE3: 0.0035584724 | AF3: 0.0033495477 | AG3: 0.0037496202 | AH3: 0.0031756122 | AI3: 0.0032123134 | AJ3: 0.0039174261 | AK3: 0.0037820245 | AL3: 0.0033562129 | AM3: 0.0032637454 | AN3: 0.0032981598 | AO3: 0.0038947452 | AP3: 0.0041909434 | AQ3: 0.0034216034 | AR3: 0.0042626592 | AS3: 0.0038322882 | AT3: 0 | AU3: 0 | AV3: 0 | AW3: 0 | AZ3: 28 | BA3: =+AZ3*AS3 -> 0.10730407
A4: Agriculture | B4: n2o | C4: emission_co2e_n2o_agrc_biomass_burning | D4: :math:\text{N}_2\text{O} Emissions from Biomass Burning | E4: 1 | F4: MMT | G4: n2o | H4: Agriculture | I4: Emissions by Gas (MMTCH4 or MMTN2O) | J4: Nitrous Oxide | K4: Burning of Agricultural Crop Waste | L4: 40 | N4: 2.6948954e-05 | O4: 3.396973e-05 | P4: 3.947332e-05 | Q4: 3.8585334e-05 | R4: 4.0554653e-05 | S4: 4.424875e-05 | T4: 4.5717208e-05 | U4: 5.0332638e-05 | V4: 5.552604e-05 | W4: 6.5285569e-05 | X4: 6.5022538e-05 | Y4: 6.2754593e-05 | Z4: 6.1650642e-05 | AA4: 5.7203392e-05 | AB4: 4.7305532e-05 | AC4: 4.6428664e-05 | AD4: 5.1171939e-05 | AE4: 5.7670452e-05 | AF4: 5.5824837e-05 | AG4: 6.0831826e-05 | AH4: 5.1586672e-05 | AI4: 5.2968984e-05 | AJ4: 6.3953102e-05 | AK4: 6.2168487e-05 | AL4: 5.5274659e-05 | AM4: 5.2826425e-05 | AN4: 5.3079634e-05 | AO4: 6.2401022e-05 | AP4: 6.7080837e-05 | AQ4: 5.3867513e-05 | AR4: 6.808352e-05 | AS4: 6.128236e-05 | AT4: 0 | AU4: 0 | AV4: 0 | AW4: 0 | AZ4: 265 | BA4: =+AZ4*AS4 -> 0.016239825 | BC4: =+BA4+BA10 -> 0.53927484
A5: Agriculture | B5: co2 | C5: emission_co2e_co2_agrc_biomass_bevs_and_spices | D5: :math:\text{CO}_2 Emissions from Biomass Carbon Stock Changes | E5: 0 | F5: NA | G5: NA | H5: NA | I5: NA | J5: NA | K5: NA | L5: -1 | BA5: =+AZ5*AS5 -> 0
A6: Agriculture | B6: co2 | C6: emission_co2e_co2_agrc_biomass_fruits | D6: :math:\text{CO}_2 Emissions from Biomass Carbon Stock Changes | E6: 0 | F6: NA | G6: NA | H6: NA | I6: NA | J6: NA | K6: NA | L6: -1 | BA6: =+AZ6*AS6 -> 0
A7: Agriculture | B7: co2 | C7: emission_co2e_co2_agrc_biomass_nuts | D7: :math:\text{CO}_2 Emissions from Biomass Carbon Stock Changes | E7: 0 | F7: NA | G7: NA | H7: NA | I7: NA | J7: NA | K7: NA | L7: -1 | BA7: =+AZ7*AS7 -> 0
A8: Agriculture | B8: co2 | C8: emission_co2e_co2_agrc_biomass_other_woody_perennial | D8: :math:\text{CO}_2 Emissions from Biomass Carbon Stock Changes | E8: 0 | F8: NA | G8: NA | H8: NA | I8: NA | J8: NA | K8: NA | L8: -1 | BA8: =+AZ8*AS8 -> 0
A9: Agriculture | B9: co2 | C9: emission_co2e_co2_agrc_soil_carbon_organic_soils | D9: :math:\text{CO}_2 Emissions from Soil Carbon in Organic Soils | E9: 0 | F9: NA | G9: NA | H9: NA | I9: NA | J9: NA | K9: NA | L9: -1 | AX9: =+AX10+AS4 -> 1.9737783 | BA9: =+AZ9*AS9 -> 0
A10: Agriculture|Soil Management | B10: n2o | C10: emission_co2e_n2o_agrc_crop_residues | D10: :math:\text{N}_2\text{O} Emissions from Crop Residues | E10: 1 | F10: MT | G10: n2o | H10: Agriculture | I10: Nitrous Oxide Emissions from Agricultural Soil Management (Metric Tons N2O) | J10: Direct | K10: Crop Residues | L10: 46 | N10: 2140.6365 | O10: 1591.1561 | P10: 1816.2253 | Q10: 1643.0345 | R10: 1612.6049 | S10: 1381.0951 | T10: 1896.2746 | U10: 1750.2584 | V10: 1235.6221 | W10: 1530.1438 | X10: 1262.2422 | Y10: 1360.2882 | Z10: 1452.6446 | AA10: 1576.5255 | AB10: 1552.3857 | AC10: 1461.064 | AD10: 1324.4482 | AE10: 1782.8545 | AF10: 1714.4338 | AG10: 1738.6497 | AH10: 1860.3087 | AI10: 1781.2687 | AJ10: 2271.2345 | AK10: 2553.9787 | AL10: 2984.4072 | AM10: 2160.1016 | AN10: 2058.1772 | AO10: 2324.7285 | AP10: 2249.9325 | AQ10: 1480.9014 | AR10: 1943.4978 | AS10: 1973.717 | AT10: 0 | AU10: 0 | AV10: 0 | AW10: 0 | AX10: =+AS10/1000 -> 1.973717 | AZ10: =265/1000000 -> 0.000265 | BA10: =+AZ10*AS10 -> 0.52303501
A11: Carbon Capture and Sequestration | B11: ch4 | C11: emission_co2e_ch4_ccsq_direct_air_capture | D11: :math:\text{CH}_4 Emissions from CCSQ | E11: 0 | F11: NA | G11: NA | H11: NA | I11: NA | J11: NA | K11: NA | L11: -1 | BA11: =+AZ11*AS11 -> 0
A12: Carbon Capture and Sequestration | B12: co2 | C12: emission_co2e_co2_ccsq_direct_air_capture | D12: :math:\text{CO}_2 Emissions from CCSQ | E12: 0 | F12: NA | G12: NA | H12: NA | I12: NA | J12: NA | K12: NA | L12: -1 | BA12: =+AZ12*AS12 -> 0
A13: Carbon Capture and Sequestration | B13: n2o | C13: emission_co2e_n2o_ccsq_direct_air_capture | D13: :math:\text{N}_2\text{O} Emissions from CCSQ | E13: 0 | F13: NA | G13: NA | H13: NA | I13: NA | J13: NA | K13: NA | L13: -1 | BA13: =+AZ13*AS13 -> 0
A14: Energy Technology | B14: co2 | C14: emission_co2e_co2_entc_generation_pp_biogas|emission_co2e_co2_entc_generation_pp_biomass|emission_co2e_co2_entc_generation_pp_geothermal|emission_co2e_co2_entc_generation_pp_hydropower|emission_co2e_co2_entc_generation_pp_nuclear|emission_co2e_co2_entc_generation_pp_ocean|emission_co2e_co2_entc_generation_pp_solar|emission_co2e_co2_entc_generation_pp_waste_incineration|emission_co2e_co2_entc_generation_pp_wind | D14: NemoMod :math:\text{CO}_2 Emissions from Electricity Generation | E14: 1 | F14: MMT | G14: co2e | H14: CO2FFC | I14: Emissions (MMTCO2 Eq.) | J14: Electric Utilities | K14: Other | L14: 28 | N14: 0 | O14: 0 | P14: 0 | Q14: 0 | R14: 0 | S14: 0 | T14: 0 | U14: 0 | V14: 0 | W14: 0 | X14: 0 | Y14: 0 | Z14: 0 | AA14: 0 | AB14: 0 | AC14: 0 | AD14: 0 | AE14: 0 | AF14: 0 | AG14: 0 | AH14: 0 | AI14: 0 | AJ14: 0 | AK14: 0 | AL14: 0 | AM14: 0 | AN14: 0 | AO14: 0 | AP14: 0 | AQ14: 0 | AR14: 0 | AS14: 0 | AT14: 0 | AU14: 0 | AV14: 0 | AW14: 0 | AZ14: 1 | BA14: =+AZ14*AS14 -> 0 | BC14: =+BA14+BA15+BA16+BA17+BA18+BA19+BA20+BA21+BA22 -> 35.365523
A15: Energy Technology | B15: co2 | C15: emission_co2e_co2_entc_generation_pp_coal|emission_co2e_co2_entc_generation_pp_coal_ccs | D15: NemoMod :math:\text{CO}_2 Emissions from Electricity Generation | E15: 1 | F15: MMT | G15: co2e | H15: CO2FFC | I15: Emissions (MMTCO2 Eq.) | J15: Electric Utilities | K15: Coal | L15: 25 | N15: 18.34975 | O15: 19.423419 | P15: 20.242195 | Q15: 20.180057 | R15: 20.825336 | S15: 19.86951 | T15: 19.325535 | U15: 21.32277 | V15: 21.326637 | W15: 21.590696 | X15: 23.999887 | Y15: 22.681792 | Z15: 22.041419 | AA15: 23.414074 | AB15: 24.360017 | AC15: 24.090799 | AD15: 25.144979 | AE15: 23.683746 | AF15: 24.895938 | AG15: 24.081923 | AH15: 24.7601 | AI15: 25.664694 | AJ15: 22.6035 | AK15: 21.566142 | AL15: 19.772604 | AM15: 16.29956 | AN15: 13.040308 | AO15: 13.248607 | AP15: 12.805766 | AQ15: 8.3669597 | AR15: 4.3467994 | AS15: 8.7671403 | AT15: 0 | AU15: 0 | AV15: 0 | AW15: 0 | AZ15: 1 | BA15: =+AZ15*AS15 -> 8.7671403
A16: Energy Technology | B16: co2 | C16: emission_co2e_co2_entc_generation_pp_gas|emission_co2e_co2_entc_generation_pp_gas_ccs | D16: NemoMod :math:\text{CO}_2 Emissions from Electricity Generation | E16: 1 | F16: MMT | G16: co2e | H16: CO2FFC | I16: Emissions (MMTCO2 Eq.) | J16: Electric Utilities | K16: Natural Gas | L16: 27 | N16: 15.830166 | O16: 14.965601 | P16: 14.384787 | Q16: 13.524714 | R16: 15.458685 | S16: 17.953372 | T16: 14.042521 | U16: 15.326015 | V16: 17.675176 | W16: 17.752553 | X16: 16.729251 | Y16: 13.409598 | Z16: 17.649283 | AA16: 12.940872 | AB16: 13.393321 | AC16: 15.560754 | AD16: 10.777308 | AE16: 12.289939 | AF16: 12.943232 | AG16: 12.160236 | AH16: 14.692903 | AI16: 15.907857 | AJ16: 17.433066 | AK16: 14.495265 | AL16: 14.460649 | AM16: 18.648764 | AN16: 18.028772 | AO16: 15.193087 | AP16: 16.350366 | AQ16: 18.627116 | AR16: 19.334264 | AS16: 17.233476 | AT16: 0 | AU16: 0 | AV16: 0 | AW16: 0 | AZ16: 1 | BA16: =+AZ16*AS16 -> 17.233476
A17: Energy Technology | B17: co2 | C17: emission_co2e_co2_entc_generation_pp_oil | D17: NemoMod :math:\text{CO}_2 Emissions from Electricity Generation | E17: 1 | F17: MMT | G17: co2e | H17: CO2FFC | I17: Emissions (MMTCO2 Eq.) | J17: Electric Utilities | K17: Petroleum | L17: 26 | N17: 0.18089779 | O17: 0.038795899 | P17: 1.1893911 | Q17: 3.8014258 | R17: 2.5269755 | S17: 1.9023131 | T17: 2.0478675 | U17: 2.513537 | V17: 2.492945 | W17: 2.1102168 | X17: 2.1873281 | Y17: 3.4337184 | Z17: 2.0356469 | AA17: 2.9464161 | AB17: 3.4460166 | AC17: 3.4304583 | AD17: 2.1358556 | AE17: 2.363324 | AF17: 2.2393508 | AG17: 1.7153464 | AH17: 3.2582995 | AI17: 4.9029084 | AJ17: 3.1670704 | AK17: 4.9619162 | AL17: 5.2408644 | AM17: 4.4070674 | AN17: 5.1857247 | AO17: 5.0263259 | AP17: 4.7630533 | AQ17: 3.6731525 | AR17: 3.8665909 | AS17: 4.4027863 | AT17: 0 | AU17: 0 | AV17: 0 | AW17: 0 | AZ17: 1 | BA17: =+AZ17*AS17 -> 4.4027863
A18: Energy Technology | B18: co2 | C18: emission_co2e_co2_entc_processing_and_refinement_fp_ammonia_production | D18: NemoMod :math:\text{CO}_2 Emissions from Fuel Processing and Refinement | E18: 1 | F18: MT | G18: co2e | H18: IP | I18: Emissions (MTCO2 Eq.) | J18: Carbon Dioxide Emissions | K18: Aluminum Production, CO2 | L18: 9 | N18: 6118483.7 | O18: 6199141.4 | P18: 6479280.7 | Q18: 5966936.8 | R18: 6427645.8 | S18: 6055010.7 | T18: 6163277.1 | U18: 5875872.1 | V18: 5995087.6 | W18: 5481765.3 | X18: 4764037.5 | Y18: 3654103.2 | Z18: 3996107.2 | AA18: 3255297.3 | AB18: 3591722.8 | AC18: 3244324.1 | AD18: 3193927.9 | AE18: 3434106.3 | AF18: 3249900.9 | AG18: 3180329.4 | AH18: 3419343.3 | AI18: 3988084.5 | AJ18: 3087175.9 | AK18: 3167049.9 | AL18: 3200563.9 | AM18: 3282395.7 | AN18: 4348256.3 | AO18: 4640169 | AP18: 5014769.9 | AQ18: 5165855.4 | AR18: 5476635.5 | AS18: 4962120.2 | AT18: 0 | AU18: 0 | AV18: 0 | AW18: 0 | AZ18: =1/1000000 -> 1e-06 | BA18: =+AZ18*AS18 -> 4.9621202
A19: Energy Technology | B19: co2 | C19: emission_co2e_co2_entc_fuel_mining_and_extraction_me_coal | D19: NemoMod :math:\text{CO}_2 Emissions from Fuel Mining and Extraction | E19: 0 | F19: NA | G19: NA | H19: NA | I19: NA | J19: NA | K19: NA | L19: -1 | BA19: =+AZ19*AS19 -> 0
A20: Energy Technology | B20: co2 | C20: emission_co2e_co2_entc_fuel_mining_and_extraction_me_crude | D20: NemoMod :math:\text{CO}_2 Emissions from Fuel Mining and Extraction | E20: 0 | F20: NA | G20: NA | H20: NA | I20: NA | J20: NA | K20: NA | L20: -1 | BA20: =+AZ20*AS20 -> 0
A21: Energy Technology | B21: co2 | C21: emission_co2e_co2_entc_processing_and_refinement_fp_natural_gas | D21: NemoMod :math:\text{CO}_2 Emissions from Fuel Processing and Refinement | E21: 0 | F21: NA | G21: NA | H21: NA | I21: NA | J21: NA | K21: NA | L21: -1 | BA21: =+AZ21*AS21 -> 0
A22: Energy Technology | B22: co2 | C22: emission_co2e_co2_entc_processing_and_refinement_fp_petroleum_refinement | D22: NemoMod :math:\text{CO}_2 Emissions from Fuel Processing and Refinement | E22: 0 | F22: NA | G22: NA | H22: NA | I22: NA | J22: NA | K22: NA | L22: -1 | BA22: =+AZ22*AS22 -> 0
A23: Energy Technology | B23: n2o | C23: emission_co2e_n2o_entc_fuel_mining_and_extraction_me_coal | D23: NemoMod :math:\text{N}_2\text{O} Emissions from Fuel Mining and Extraction | E23: 0 | F23: NA | G23: NA | H23: NA | I23: NA | J23: NA | K23: NA | L23: -1 | BA23: =+AZ23*AS23 -> 0
A24: Energy Technology | B24: n2o | C24: emission_co2e_n2o_entc_fuel_mining_and_extraction_me_crude | D24: NemoMod :math:\text{N}_2\text{O} Emissions from Fuel Mining and Extraction | E24: 0 | F24: NA | G24: NA | H24: NA | I24: NA | J24: NA | K24: NA | L24: -1 | BA24: =+AZ24*AS24 -> 0
A25: Energy Technology | B25: n2o | C25: emission_co2e_n2o_entc_fuel_mining_and_extraction_me_natural_gas | D25: NemoMod :math:\text{N}_2\text{O} Emissions from Fuel Mining and Extraction | E25: 0 | F25: NA | G25: NA | H25: NA | I25: NA | J25: NA | K25: NA | L25: -1 | BA25: =+AZ25*AS25 -> 0
A26: Energy Technology | B26: n2o | C26: emission_co2e_n2o_entc_processing_and_refinement_fp_natural_gas | D26: NemoMod :math:\text{N}_2\text{O} Emissions from Fuel Processing and Refinement | E26: 0 | F26: NA | G26: NA | H26: NA | I26: NA | J26: NA | K26: NA | L26: -1 | BA26: =+AZ26*AS26 -> 0
A27: Energy Technology | B27: n2o | C27: emission_co2e_n2o_entc_processing_and_refinement_fp_petroleum_refinement | D27: NemoMod :math:\text{N}_2\text{O} Emissions from Fuel Processing and Refinement | E27: 0 | F27: NA | G27: NA | H27: NA | I27: NA | J27: NA | K27: NA | L27: -1 | BA27: =+AZ27*AS27 -> 0
A28: Energy Technology | B28: ch4 | C28: emission_co2e_ch4_entc_generation_pp_biogas|emission_co2e_ch4_entc_generation_pp_biomass|emission_co2e_ch4_entc_generation_pp_coal|emission_co2e_ch4_entc_generation_pp_coal_ccs|emission_co2e_ch4_entc_generation_pp_gas|emission_co2e_ch4_entc_generation_pp_gas_ccs|emission_co2e_ch4_entc_generation_pp_geothermal|emission_co2e_ch4_entc_generation_pp_hydropower|emission_co2e_ch4_entc_generation_pp_nuclear|emission_co2e_ch4_entc_generation_pp_ocean|emission_co2e_ch4_entc_generation_pp_oil|emission_co2e_ch4_entc_generation_pp_solar|emission_co2e_ch4_entc_generation_pp_waste_incineration|emission_co2e_ch4_entc_generation_pp_wind | D28: NemoMod :math:\text{CH}_4 Emissions from Electricity Generation | E28: 1 | F28: MMT | G28: co2e | H28: Stationary | I28: Emissions (MMTCO2 Eq.) | J28: Electric Utilities | K28: CH4 | L28: 15 | N28: 0.013526087 | O28: 0.013266356 | P28: 0.014162852 | Q28: 0.015973338 | R28: 0.016045411 | S28: 0.016438266 | T28: 0.014494261 | U28: 0.0161982 | V28: 0.017356602 | W28: 0.017084701 | X28: 0.017388613 | Y28: 0.016642662 | Z28: 0.017007399 | AA28: 0.016034756 | AB28: 0.017132251 | AC28: 0.018136363 | AD28: 0.014605147 | AE28: 0.015134805 | AF28: 0.01571446 | AG28: 0.014591564 | AH28: 0.017337188 | AI28: 0.019550821 | AJ28: 0.017982 | AK28: 0.017696659 | AL28: 0.017395193 | AM28: 0.017802954 | AN28: 0.017167455 | AO28: 0.015668179 | AP28: 0.015902423 | AQ28: 0.014853976 | AR28: 0.014183354 | AS28: 0.014862404 | AT28: 0 | AU28: 0 | AV28: 0 | AW28: 0 | AZ28: 1 | BA28: =+AZ28*AS28 -> 0.014862404
A29: Energy Technology | B29: n2o | C29: emission_co2e_n2o_entc_generation_pp_biogas|emission_co2e_n2o_entc_generation_pp_biomass|emission_co2e_n2o_entc_generation_pp_coal|emission_co2e_n2o_entc_generation_pp_coal_ccs|emission_co2e_n2o_entc_generation_pp_gas|emission_co2e_n2o_entc_generation_pp_gas_ccs|emission_co2e_n2o_entc_generation_pp_geothermal|emission_co2e_n2o_entc_generation_pp_hydropower|emission_co2e_n2o_entc_generation_pp_nuclear|emission_co2e_n2o_entc_generation_pp_ocean|emission_co2e_n2o_entc_generation_pp_oil|emission_co2e_n2o_entc_generation_pp_solar|emission_co2e_n2o_entc_generation_pp_waste_incineration|emission_co2e_n2o_entc_generation_pp_wind | D29: NemoMod :math:\text{N}_2\text{O} Emissions from Electricity Generation | E29: 1 | F29: MMT | G29: co2e | H29: Stationary | I29: Emissions (MMTCO2 Eq.) | J29: Electric Utilities | K29: N2O | L29: 14 | N29: 0.084145185 | O29: 0.087894707 | P29: 0.092800199 | Q29: 0.096713626 | R29: 0.098227934 | S29: 0.094153448 | T29: 0.090447802 | U29: 0.10029726 | V29: 0.10125401 | W29: 0.1015745 | X29: 0.11131736 | Y29: 0.10677399 | Z29: 0.10288198 | AA29: 0.10821405 | AB29: 0.11344696 | AC29: 0.11331739 | AD29: 0.11300486 | AE29: 0.10795353 | AF29: 0.11308632 | AG29: 0.10841283 | AH29: 0.11476805 | AI29: 0.12160713 | AJ29: 0.10679981 | AK29: 0.10400091 | AL29: 0.096991844 | AM29: 0.083072476 | AN29: 0.070439679 | AO29: 0.069733099 | AP29: 0.06800372 | AQ29: 0.048905784 | AR29: 0.03277684 | AS29: 0.050993979 | AT29: 0 | AU29: 0 | AV29: 0 | AW29: 0 | AZ29: 1 | BA29: =+AZ29*AS29 -> 0.050993979
A30: Energy Technology|Fugitive Emissions | B30: ch4 | C30: emission_co2e_ch4_entc_fuel_mining_and_extraction_me_coal|emission_co2e_ch4_fgtv_fuel_coal | D30: :math:\text{CH}_4 Fugitive Emissions|NemoMod :math:\text{CH}_4 Emissions from Fuel Mining and Extraction | E30: 1 | F30: MT | G30: ch4 | H30: Coal | I30: Emissions (MTCO2E) | J30: Coal Mining | L30: 23 | N30: 1234.4077 | O30: 1220.8471 | P30: 1255.3299 | Q30: 1214.2605 | R30: 1341.7307 | S30: 1440.9173 | T30: 1247.9684 | U30: 1373.5014 | V30: 1246.0312 | W30: 1144.1325 | X30: 1428.9064 | Y30: 1439.4202 | Z30: 1473.2726 | AA30: 1560.6811 | AB30: 1474.4268 | AC30: 1612.1543 | AD30: 1593.9652 | AE30: 1211.3879 | AF30: 1489.0549 | AG30: 1417.0567 | AH30: 1528.3029 | AI30: 1497.3684 | AJ30: 1538.604 | AK30: 1088.6387 | AL30: 1009.2573 | AM30: 1332.3266 | AN30: 1083.9448 | AO30: 805.33559 | AP30: 2497.5585 | AQ30: 691.57121 | AR30: 262.30196 | AS30: 116.23425 | AT30: 0 | AU30: 0 | AV30: 0 | AW30: 0 | AZ30: =28/1000000 -> 2.8e-05 | BA30: =+AZ30*AS30 -> 0.003254559 | BC30: =+BA30+BA31+BA32 -> 13.094104
A31: Energy Technology|Fugitive Emissions | B31: ch4 | C31: emission_co2e_ch4_entc_fuel_mining_and_extraction_me_crude|emission_co2e_ch4_entc_processing_and_refinement_fp_petroleum_refinement|emission_co2e_ch4_fgtv_fuel_oil | D31: :math:\text{CH}_4 Fugitive Emissions|NemoMod :math:\text{CH}_4 Emissions from Fuel Mining and Extraction|NemoMod :math:\text{CH}_4 Emissions from Fuel Processing and Refinement | E31: 1 | F31: MT | G31: ch4 | H31: Gas and Oil | I31: Emissions (MMTCO2 Eq.) | J31: Oil | L31: 23 | N31: 90478.679 | O31: 89903.821 | P31: 88502.27 | Q31: 89697.569 | R31: 84049.383 | S31: 89790.182 | T31: 100936.26 | U31: 103417.5 | V31: 104578.51 | W31: 96838.452 | X31: 86830.753 | Y31: 86829.878 | Z31: 78688.306 | AA31: 78076.828 | AB31: 75543.75 | AC31: 68396.062 | AD31: 71939.186 | AE31: 75188.253 | AF31: 73593.931 | AG31: 64633.277 | AH31: 62444.663 | AI31: 63655.555 | AJ31: 55859.743 | AK31: 61078.679 | AL31: 53559.127 | AM31: 47143.204 | AN31: 33590.296 | AO31: 39746.659 | AP31: 32298.584 | AQ31: 29210.513 | AR31: 23821.707 | AS31: 22610.56 | AT31: 0 | AU31: 0 | AV31: 0 | AW31: 0 | AZ31: =28/1000000 -> 2.8e-05 | BA31: =+AZ31*AS31 -> 0.63309567
A32: Energy Technology|Fugitive Emissions | B32: ch4 | C32: emission_co2e_ch4_entc_fuel_mining_and_extraction_me_natural_gas|emission_co2e_ch4_entc_processing_and_refinement_fp_natural_gas|emission_co2e_ch4_fgtv_fuel_natural_gas | D32: :math:\text{CH}_4 Fugitive Emissions|NemoMod :math:\text{CH}_4 Emissions from Fuel Mining and Extraction|NemoMod :math:\text{CH}_4 Emissions from Fuel Processing and Refinement | E32: 1 | F32: MT | G32: ch4 | H32: Gas and Oil | I32: Emissions by Gas (MTCH4) | J32: Natural Gas | L32: 19 | N32: 180543.41 | O32: 163857.83 | P32: 149712.96 | Q32: 175462.63 | R32: 148628.26 | S32: 165352.23 | T32: 181551.65 | U32: 177551.46 | V32: 218396.13 | W32: 198430.79 | X32: 186516 | Y32: 194074.5 | Z32: 202977 | AA32: 201065.93 | AB32: 246112.58 | AC32: 223607.06 | AD32: 207238.33 | AE32: 215381.15 | AF32: 228058.31 | AG32: 223868.2 | AH32: 523402.69 | AI32: 526211.98 | AJ32: 517804.83 | AK32: 508963.67 | AL32: 505075.25 | AM32: 501724.26 | AN32: 488874.69 | AO32: 480200.36 | AP32: 463434.43 | AQ32: 457583.82 | AR32: 443761.89 | AS32: 444919.77 | AT32: 270838.24 | AU32: 271113.7 | AV32: 0 | AW32: 0 | AZ32: =28/1000000 -> 2.8e-05 | BA32: =+AZ32*AS32 -> 12.457754
A33: Energy Technology|Fugitive Emissions | B33: co2 | C33: emission_co2e_co2_entc_fuel_mining_and_extraction_me_natural_gas|emission_co2e_co2_fgtv_fuel_natural_gas | D33: :math:\text{CO}_2 Fugitive Emissions|NemoMod :math:\text{CO}_2 Emissions from Fuel Mining and Extraction | E33: 1 | F33: MMT | G33: co2e | H33: Gas and Oil | I33: Emissions (MMTCO2 Eq.) | J33: Natural Gas | L33: 27 | N33: 0.026938547 | O33: 0.030454825 | P33: 0.031189952 | Q33: 0.032432963 | R33: 0.034580003 | S33: 0.034998556 | T33: 0.034753718 | U33: 0.0329468 | V33: 0.029365921 | W33: 0.026890403 | X33: 0.02553377 | Y33: 0.023262911 | Z33: 0.022013903 | AA33: 0.020275964 | AB33: 0.019231309 | AC33: 0.018264912 | AD33: 0.017620778 | AE33: 0.017508338 | AF33: 0.01795801 | AG33: 0.017010565 | AH33: 0.015522496 | AI33: 0.015344798 | AJ33: 0 | AK33: 0 | AL33: 0 | AM33: 0 | AN33: 0 | AO33: 0 | AP33: 0 | AQ33: 0 | AR33: 0 | AS33: 0 | AT33: 0 | AU33: 0 | AV33: 0 | AW33: 0 | AZ33: 1 | BA33: =+AZ33*AS33 -> 0
A34: Energy Technology|Industrial Energy | B34: co2 | C34: emission_co2e_co2_entc_processing_and_refinement_fp_hydrogen_electrolysis|emission_co2e_co2_entc_processing_and_refinement_fp_hydrogen_gasification|emission_co2e_co2_entc_processing_and_refinement_fp_hydrogen_reformation|emission_co2e_co2_entc_processing_and_refinement_fp_hydrogen_reformation_ccs|emission_co2e_co2_inen_agriculture_and_livestock|emission_co2e_co2_inen_cement|emission_co2e_co2_inen_chemicals|emission_co2e_co2_inen_electronics|emission_co2e_co2_inen_glass|emission_co2e_co2_inen_lime_and_carbonite|emission_co2e_co2_inen_metals|emission_co2e_co2_inen_mining|emission_co2e_co2_inen_other_product_manufacturing|emission_co2e_co2_inen_paper|emission_co2e_co2_inen_plastic|emission_co2e_co2_inen_recycled_glass|emission_co2e_co2_inen_recycled_metals|emission_co2e_co2_inen_recycled_paper|emission_co2e_co2_inen_recycled_plastic|emission_co2e_co2_inen_recycled_rubber_and_leather|emission_co2e_co2_inen_recycled_textiles|emission_co2e_co2_inen_recycled_wood|emission_co2e_co2_inen_rubber_and_leather|emission_co2e_co2_inen_textiles | D34: :math:\text{CO}_2 Emissions from Industrial Energy|NemoMod :math:\text{CO}_2 Emissions from Fuel Processing and Refinement | E34: 1 | F34: MMT | G34: co2e | H34: CO2FFC | I34: Emissions (MMTCO2 Eq.) | J34: Industrial | K34: Coal|Natural Gas|Other|Petroleum | L34: 15|17|18|16 | N34: 108.04245 | O34: 105.17365 | P34: 111.65306 | Q34: 113.17479 | R34: 115.58416 | S34: 115.08509 | T34: 119.53251 | U34: 126.84874 | V34: 112.58668 | W34: 111.82999 | X34: 118.6388 | Y34: 105.83181 | Z34: 109.57081 | AA34: 108.24071 | AB34: 115.11097 | AC34: 108.92128 | AD34: 118.80916 | AE34: 115.88473 | AF34: 112.21489 | AG34: 104.91424 | AH34: 111.62635 | AI34: 112.11835 | AJ34: 112.15582 | AK34: 109.30861 | AL34: 107.11733 | AM34: 106.77188 | AN34: 111.83272 | AO34: 116.67317 | AP34: 121.08807 | AQ34: 122.62423 | AR34: 117.36393 | AS34: 116.70887 | AT34: 0 | AU34: 0 | AV34: 0 | AW34: 0 | AZ34: 1 | BA34: =+AZ34*AS34 -> 116.70887
A35: Energy Technology|Industrial Energy | B35: ch4 | C35: emission_co2e_ch4_entc_processing_and_refinement_fp_ammonia_production|emission_co2e_ch4_entc_processing_and_refinement_fp_hydrogen_electrolysis|emission_co2e_ch4_entc_processing_and_refinement_fp_hydrogen_gasification|emission_co2e_ch4_entc_processing_and_refinement_fp_hydrogen_reformation|emission_co2e_ch4_entc_processing_and_refinement_fp_hydrogen_reformation_ccs emission_co2e_ch4_inen_agriculture_and_livestock|emission_co2e_ch4_inen_cement|emission_co2e_ch4_inen_chemicals|emission_co2e_ch4_inen_electronics|emission_co2e_ch4_inen_glass|emission_co2e_ch4_inen_lime_and_carbonite|emission_co2e_ch4_inen_metals|emission_co2e_ch4_inen_mining|emission_co2e_ch4_inen_other_product_manufacturing|emission_co2e_ch4_inen_paper|emission_co2e_ch4_inen_plastic|emission_co2e_ch4_inen_recycled_glass|emission_co2e_ch4_inen_recycled_metals|emission_co2e_ch4_inen_recycled_paper|emission_co2e_ch4_inen_recycled_plastic|emission_co2e_ch4_inen_recycled_rubber_and_leather|emission_co2e_ch4_inen_recycled_textiles|emission_co2e_ch4_inen_recycled_wood|emission_co2e_ch4_inen_rubber_and_leather|emission_co2e_ch4_inen_textiles | D35: :math:\text{CH}_4 Emissions from Industrial Energy|NemoMod :math:\text{CH}_4 Emissions from Fuel Processing and Refinement | E35: 1 | F35: MMT | G35: co2e | H35: Stationary | I35: Emissions (MMTCO2 Eq.) | K35: CH4 | L35: 12 | N35: 0.15368455 | O35: 0.15102397 | P35: 0.15961178 | Q35: 0.15998004 | R35: 0.17092587 | S35: 0.17332045 | T35: 0.17627557 | U35: 0.18089714 | V35: 0.16775613 | W35: 0.16887171 | X35: 0.17470272 | Y35: 0.16337602 | Z35: 0.17000796 | AA35: 0.17357424 | AB35: 0.20797206 | AC35: 0.17950135 | AD35: 0.1846716 | AE35: 0.17601399 | AF35: 0.13244267 | AG35: 0.12648244 | AH35: 0.13849834 | AI35: 0.1391536 | AJ35: 0.14236598 | AK35: 0.14769697 | AL35: 0.16207444 | AM35: 0.15098911 | AN35: 0.16885882 | AO35: 0.16057328 | AP35: 0.15875683 | AQ35: 0.15075496 | AR35: 0.14467757 | AS35: 0.14207225 | AT35: 0 | AU35: 0 | AV35: 0 | AW35: 0 | AZ35: 1 | BA35: =+AZ35*AS35 -> 0.14207225
A36: Energy Technology|Industrial Energy | B36: n2o | C36: emission_co2e_n2o_entc_processing_and_refinement_fp_ammonia_production|emission_co2e_n2o_entc_processing_and_refinement_fp_hydrogen_electrolysis|emission_co2e_n2o_entc_processing_and_refinement_fp_hydrogen_gasification|emission_co2e_n2o_entc_processing_and_refinement_fp_hydrogen_reformation|emission_co2e_n2o_entc_processing_and_refinement_fp_hydrogen_reformation_ccs|emission_co2e_n2o_inen_agriculture_and_livestock|emission_co2e_n2o_inen_cement|emission_co2e_n2o_inen_chemicals|emission_co2e_n2o_inen_electronics|emission_co2e_n2o_inen_glass|emission_co2e_n2o_inen_lime_and_carbonite|emission_co2e_n2o_inen_metals|emission_co2e_n2o_inen_mining|emission_co2e_n2o_inen_other_product_manufacturing|emission_co2e_n2o_inen_paper|emission_co2e_n2o_inen_plastic|emission_co2e_n2o_inen_recycled_glass|emission_co2e_n2o_inen_recycled_metals|emission_co2e_n2o_inen_recycled_paper|emission_co2e_n2o_inen_recycled_plastic|emission_co2e_n2o_inen_recycled_rubber_and_leather|emission_co2e_n2o_inen_recycled_textiles|emission_co2e_n2o_inen_recycled_wood|emission_co2e_n2o_inen_rubber_and_leather|emission_co2e_n2o_inen_textiles | D36: :math:\text{N}_2\text{O} Emissions from Industrial Energy|NemoMod :math:\text{N}_2\text{O} Emissions from Fuel Processing and Refinement | E36: 1 | F36: MMT | G36: co2e | H36: Stationary | I36: Emissions (MMTCO2 Eq.) | K36: N2O | L36: 11 | N36: 0.20585407 | O36: 0.20149104 | P36: 0.21525445 | Q36: 0.21609989 | R36: 0.23174922 | S36: 0.23376084 | T36: 0.24038892 | U36: 0.24461985 | V36: 0.22679043 | W36: 0.2294907 | X36: 0.23921255 | Y36: 0.22603404 | Z36: 0.23553974 | AA36: 0.24057823 | AB36: 0.28545816 | AC36: 0.24783548 | AD36: 0.25681593 | AE36: 0.23987224 | AF36: 0.18238956 | AG36: 0.17516016 | AH36: 0.19158521 | AI36: 0.19267614 | AJ36: 0.19736298 | AK36: 0.20243499 | AL36: 0.21748047 | AM36: 0.20421348 | AN36: 0.2277977 | AO36: 0.21740113 | AP36: 0.21428502 | AQ36: 0.20398418 | AR36: 0.19435855 | AS36: 0.1916771 | AT36: 0 | AU36: 0 | AV36: 0 | AW36: 0 | AZ36: 1 | BA36: =+AZ36*AS36 -> 0.1916771
A37: Forest | B37: co2 | C37: emission_co2e_co2_frst_harvested_wood_products | D37: :math:\text{CO}_2 Emissions from Harvested Wood Products | E37: 1 | F37: MMT | G37: co2e | H37: Forest Management | I37: Emissions (MMTCO2E) | J37: Forest Land Remaining Forest Land | K37: Total wood products and landfills | L37: 27 | N37: -10.860612 | O37: -10.860612 | P37: -10.860612 | Q37: -10.155088 | R37: -10.155088 | S37: -10.155088 | T37: -10.155088 | U37: -10.155088 | V37: -10.155088 | W37: -10.155088 | X37: -10.155088 | Y37: -10.155088 | Z37: -10.155088 | AA37: -10.155088 | AB37: -10.155088 | AC37: -10.155088 | AD37: -10.155088 | AE37: -10.155088 | AF37: -10.155088 | AG37: -10.155088 | AH37: -10.155088 | AI37: -10.155088 | AJ37: -10.155088 | AK37: -10.155088 | AL37: -10.155088 | AM37: -10.155088 | AN37: -10.155088 | AO37: -10.155088 | AP37: -10.155088 | AQ37: -10.155088 | AR37: -10.155088 | AS37: -10.155088 | AT37: 0 | AU37: 0 | AV37: 0 | AW37: 0 | AZ37: 1 | BA37: =+AZ37*AS37 -> -10.155088 | BC37: =+BA37+BA38+BA42 -> -36.545088
A38: Forest | B38: co2 | C38: emission_co2e_co2_frst_sequestration_mangroves|emission_co2e_co2_frst_sequestration_primary|emission_co2e_co2_frst_sequestration_secondary | D38: :math:\text{CO}_2 Emissions from Forest Biomass Sequestration | E38: 1 | F38: MMT | G38: co2e | H38: Forest Management | I38: Emissions (MMTCO2E) | J38: Forest Land Remaining Forest Land | K38: Aboveground Biomass|Belowground Biomass|Deadwood|Litter | L38: 20|21|22|23 | N38: -17.58 | O38: -17.51 | P38: -17.46 | Q38: -17.39 | R38: -17.34 | S38: -17.28 | T38: -17.22 | U38: -17.15 | V38: -17.09 | W38: -17.51 | X38: -17.94 | Y38: -18.36 | Z38: -18.79 | AA38: -19.22 | AB38: -19.65 | AC38: -20.06 | AD38: -20.48 | AE38: -21.13 | AF38: -21.77 | AG38: -22.42 | AH38: -23.06 | AI38: -23.71 | AJ38: -24.35 | AK38: -24.99 | AL38: -25.64 | AM38: -25.75 | AN38: -25.86 | AO38: -25.97 | AP38: -26.07 | AQ38: -26.18 | AR38: -26.28 | AS38: -26.39 | AT38: 0 | AU38: 0 | AV38: 0 | AW38: 0 | AZ38: 1 | BA38: =+AZ38*AS38 -> -26.39
A39: Forest | B39: ch4 | C39: emission_co2e_ch4_frst_methane_mangroves | D39: :math:\text{CH}_4 Emissions from Forests | E39: 0 | F39: NA | G39: NA | H39: NA | I39: NA | J39: NA | K39: NA | L39: -1 | BA39: =+AZ39*AS39 -> 0
A40: Forest | B40: ch4 | C40: emission_co2e_ch4_frst_methane_primary | D40: :math:\text{CH}_4 Emissions from Forests | E40: 0 | F40: NA | G40: NA | H40: NA | I40: NA | J40: NA | K40: NA | L40: -1 | BA40: =+AZ40*AS40 -> 0
A41: Forest | B41: ch4 | C41: emission_co2e_ch4_frst_methane_secondary | D41: :math:\text{CH}_4 Emissions from Forests | E41: 0 | F41: NA | G41: NA | H41: NA | I41: NA | J41: NA | K41: NA | L41: -1 | BA41: =+AZ41*AS41 -> 0
A42: Forest | B42: co2 | C42: emission_co2e_co2_frst_forest_fires | D42: :math:\text{CO}_2 Emissions from Forest Fires | E42: 0 | F42: NA | G42: NA | H42: NA | I42: NA | J42: NA | K42: NA | L42: -1 | BA42: =+AZ42*AS42 -> 0
A43: Fugitive Emissions | B43: co2 | C43: emission_co2e_co2_fgtv_fuel_coal | D43: :math:\text{CO}_2 Fugitive Emissions | E43: 0 | F43: NA | G43: NA | H43: NA | I43: NA | J43: NA | K43: NA | L43: -1 | BA43: =+AZ43*AS43 -> 0
A44: Fugitive Emissions | B44: co2 | C44: emission_co2e_co2_fgtv_fuel_natural_gas | D44: :math:\text{CO}_2 Fugitive Emissions | E44: 0 | F44: NA | G44: NA | H44: NA | I44: NA | J44: NA | K44: NA | L44: -1 | BA44: =+AZ44*AS44 -> 0
A45: Fugitive Emissions | B45: co2 | C45: emission_co2e_co2_fgtv_fuel_oil | D45: :math:\text{CO}_2 Fugitive Emissions | E45: 0 | F45: NA | G45: NA | H45: NA | I45: NA | J45: NA | K45: NA | L45: -1 | BA45: =+AZ45*AS45 -> 0
A46: Fugitive Emissions | B46: n2o | C46: emission_co2e_n2o_fgtv_fuel_coal | D46: :math:\text{N}_2\text{O} Fugitive Emissions | E46: 0 | F46: NA | G46: NA | H46: NA | I46: NA | J46: NA | K46: NA | L46: -1 | BA46: =+AZ46*AS46 -> 0
A47: Fugitive Emissions | B47: n2o | C47: emission_co2e_n2o_fgtv_fuel_natural_gas | D47: :math:\text{N}_2\text{O} Fugitive Emissions | E47: 0 | F47: NA | G47: NA | H47: NA | I47: NA | J47: NA | K47: NA | L47: -1 | BA47: =+AZ47*AS47 -> 0
A48: Fugitive Emissions | B48: n2o | C48: emission_co2e_n2o_fgtv_fuel_oil | D48: :math:\text{N}_2\text{O} Fugitive Emissions | E48: 0 | F48: NA | G48: NA | H48: NA | I48: NA | J48: NA | K48: NA | L48: -1 | BA48: =+AZ48*AS48 -> 0
A49: IPPU | B49: c2f6|c2h3f3|c2hf5|c3f8|c3h2f6|c3h3f5|c3hf7|c4f10|c4f6|c4h5f5|c5f12|c5f8|c5h2f10|c6f14|cc4f8|cf4|ch2f2|ch2fchf2|ch3cci2f|ch3ccif2|ch3chf2|ch3f|chf2cf3|chf2chf2|chf3|nf3|sf6|sf6 | C49: emission_co2e_c2f6_ippu_product_use_product_use_ods_other|emission_co2e_c2f6_ippu_production_chemicals|emission_co2e_c2f6_ippu_production_electronics|emission_co2e_c2f6_ippu_production_metals|emission_co2e_c2h3f3_ippu_product_use_product_use_ods_refrigeration|emission_co2e_c2h3f3_ippu_production_chemicals|emission_co2e_c2hf5_ippu_product_use_product_use_ods_other|emission_co2e_c2hf5_ippu_product_use_product_use_ods_refrigeration|emission_co2e_c2hf5_ippu_production_chemicals|emission_co2e_c3f8_ippu_production_chemicals|emission_co2e_c3f8_ippu_production_electronics|emission_co2e_c3h2f6_ippu_product_use_product_use_ods_other|emission_co2e_c3h2f6_ippu_product_use_product_use_ods_refrigeration|emission_co2e_c3h3f5_ippu_product_use_product_use_ods_other|emission_co2e_c3h3f5_ippu_product_use_product_use_ods_refrigeration|emission_co2e_c3hf7_ippu_product_use_product_use_ods_other|emission_co2e_c3hf7_ippu_product_use_product_use_ods_refrigeration|emission_co2e_c3hf7_ippu_production_chemicals|emission_co2e_c4f10_ippu_product_use_product_use_ods_other|emission_co2e_c4f10_ippu_production_chemicals|emission_co2e_c4f6_ippu_production_electronics|emission_co2e_c4h5f5_ippu_product_use_product_use_ods_other|emission_co2e_c4h5f5_ippu_production_chemicals|emission_co2e_c5f12_ippu_production_chemicals|emission_co2e_c5f8_ippu_production_electronics|emission_co2e_c5h2f10_ippu_product_use_product_use_ods_other|emission_co2e_c6f14_ippu_product_use_product_use_ods_other|emission_co2e_c6f14_ippu_production_chemicals|emission_co2e_cc4f8_ippu_production_chemicals|emission_co2e_cc4f8_ippu_production_electronics|emission_co2e_cf4_ippu_product_use_product_use_ods_other|emission_co2e_cf4_ippu_production_chemicals|emission_co2e_cf4_ippu_production_electronics|emission_co2e_cf4_ippu_production_metals|emission_co2e_ch2f2_ippu_product_use_product_use_ods_refrigeration|emission_co2e_ch2f2_ippu_production_chemicals|emission_co2e_ch2f2_ippu_production_electronics|emission_co2e_ch2fchf2_ippu_product_use_product_use_ods_other|emission_co2e_ch3cci2f_ippu_product_use_product_use_ods_other|emission_co2e_ch3ccif2_ippu_product_use_product_use_ods_other|emission_co2e_ch3chf2_ippu_product_use_product_use_ods_other|emission_co2e_ch3chf2_ippu_product_use_product_use_ods_refrigeration|emission_co2e_ch3chf2_ippu_production_chemicals|emission_co2e_ch3f_ippu_production_electronics|emission_co2e_chf2cf3_ippu_product_use_product_use_ods_other|emission_co2e_chf2cf3_ippu_product_use_product_use_ods_refrigeration|emission_co2e_chf2cf3_ippu_production_chemicals|emission_co2e_chf2chf2_ippu_product_use_product_use_ods_other|emission_co2e_chf3_ippu_product_use_product_use_ods_other|emission_co2e_chf3_ippu_product_use_product_use_ods_refrigeration|emission_co2e_chf3_ippu_production_chemicals|emission_co2e_chf3_ippu_production_electronics|emission_co2e_nf3_ippu_production_chemicals|emission_co2e_nf3_ippu_production_electronics|emission_co2e_sf6_ippu_production_chemicals|emission_co2e_sf6_ippu_production_electronics|emission_co2e_sf6_ippu_production_metals|emission_co2e_sf6_ippu_production_other_product_manufacturing | D49: :math:\text{NF}_3 Emissions from Industrial Production Processes|:math:\text{SF}_6 Emissions from Industrial Production Processes|Dodecafluoropentane Emissions from Industrial Production Processes|HCFC-141b Emissions from Industrial Product Use|HCFC-142b Emissions from Industrial Product Use|HFC-125 Emissions from Industrial Product Use|HFC-125 Emissions from Industrial Production Processes|HFC-134 Emissions from Industrial Product Use|HFC-134a Emissions from Industrial Product Use|HFC-134a Emissions from Industrial Production Processes|HFC-143 Emissions from Industrial Product Use|HFC-143a Emissions from Industrial Product Use|HFC-143a Emissions from Industrial Production Processes|HFC-152a Emissions from Industrial Product Use|HFC-152a Emissions from Industrial Production Processes|HFC-227ea Emissions from Industrial Product Use|HFC-227ea Emissions from Industrial Production Processes|HFC-23 Emissions from Industrial Product Use|HFC-23 Emissions from Industrial Production Processes|HFC-236fa Emissions from Industrial Product Use|HFC-245fa Emissions from Industrial Product Use|HFC-32 Emissions from Industrial Product Use|HFC-32 Emissions from Industrial Production Processes|HFC-365mfc Emissions from Industrial Product Use|HFC-365mfc Emissions from Industrial Production Processes|HFC-41 Emissions from Industrial Production Processes|HFC-43-10mee Emissions from Industrial Product Use|PFC-1114 Emissions from Industrial Production Processes|PFC-116 Emissions from Industrial Product Use|PFC-116 Emissions from Industrial Production Processes|PFC-14 Emissions from Industrial Product Use|PFC-14 Emissions from Industrial Production Processes|PFC-1418 Emissions from Industrial Production Processes|PFC-218 Emissions from Industrial Production Processes|PFC-31-10 Emissions from Industrial Product Use|PFC-31-10 Emissions from Industrial Production Processes|PFC-318 Emissions from Industrial Production Processes|PFC-51-14 Emissions from Industrial Product Use|PFC-51-14 Emissions from Industrial Production Processes | E49: 1 | F49: MT | G49: co2e | H49: IP | I49: Emissions (MTCO2 Eq.) | J49: HFC, PFC, SF6 and NF3 Emissions | K49: ODS Substitutes|Semiconductor Manufacturing|Magnesium Production|Electric Power Transmission and Distribution Systems|HCFC-22 Production|Aluminum Production, PFCs | L49: 19|20|21|22|23|24 | N49: 584335.55 | O49: 562362.19 | P49: 588114.74 | Q49: 658031.63 | R49: 801976.23 | S49: 1101888.8 | T49: 1296293.1 | U49: 1475690.9 | V49: 1558191 | W49: 1716561.1 | X49: 1830768.5 | Y49: 1919524.2 | Z49: 1993241.9 | AA49: 2062106.9 | AB49: 2131247.8 | AC49: 2183895.5 | AD49: 2154940.6 | AE49: 2268955.4 | AF49: 2393059.4 | AG49: 2835052.2 | AH49: 2946955.9 | AI49: 3224869.3 | AJ49: 2703598.5 | AK49: 2695325.4 | AL49: 2767432.4 | AM49: 2865173.6 | AN49: 2906765.5 | AO49: 2991856 | AP49: 3005162.7 | AQ49: 2913279.1 | AR49: 3334606.9 | AS49: 3442740.8 | AT49: 0 | AU49: 0 | AV49: 0 | AW49: 0 | AZ49: =1/1000000 -> 1e-06 | BA49: =+AZ49*AS49 -> 3.4427408 | BC49: =+BA49/25 -> 0.13770963
A50: IPPU | B50: co2 | C50: emission_co2e_co2_ippu_production_cement | D50: :math:\text{CO}_2 Emissions from Industrial Production Processes | E50: 1 | F50: MT | G50: co2e | H50: IP | I50: Emissions (MTCO2 Eq.) | J50: Carbon Dioxide Emissions | K50: Cement Manufacture | L50: 5 | N50: 0 | O50: 0 | P50: 0 | Q50: 0 | R50: 0 | S50: 0 | T50: 0 | U50: 0 | V50: 0 | W50: 0 | X50: 0 | Y50: 0 | Z50: 0 | AA50: 0 | AB50: 0 | AC50: 0 | AD50: 0 | AE50: 0 | AF50: 0 | AG50: 0 | AH50: 0 | AI50: 0 | AJ50: 0 | AK50: 0 | AL50: 0 | AM50: 0 | AN50: 0 | AO50: 0 | AP50: 0 | AQ50: 0 | AR50: 0 | AS50: 0 | AT50: 0 | AU50: 0 | AV50: 0 | AW50: 0 | AZ50: =1/1000000 -> 1e-06 | BA50: =+AZ50*AS50 -> 0 | BC50: =+BA50+BA51+BA52+BA53+BA59+BA60+BA61+BA62+BA63+BA64+BA65+BA66 -> 0.97743438
A51: IPPU | B51: co2 | C51: emission_co2e_co2_ippu_production_glass | D51: :math:\text{CO}_2 Emissions from Industrial Production Processes | E51: 1 | F51: MT | G51: co2e | H51: IP | I51: Emissions (MTCO2 Eq.) | J51: Carbon Dioxide Emissions | K51: Soda Ash | L51: 8 | N51: 45814.913 | O51: 43809.855 | P51: 43463.384 | Q51: 43363.465 | R51: 42916.794 | S51: 44324.552 | T51: 43338.716 | U51: 43640.695 | V51: 43788.287 | W51: 42647.279 | X51: 42047.238 | Y51: 41591.734 | Z51: 41708.584 | AA51: 40543.88 | AB51: 40370.142 | AC51: 39809.162 | AD51: 36534.378 | AE51: 35813.224 | AF51: 34485.579 | AG51: 30484.766 | AH51: 32180.92 | AI51: 31347.244 | AJ51: 30819.109 | AK51: 31063.382 | AL51: 31271.832 | AM51: 30084.145 | AN51: 30776.564 | AO51: 29291.485 | AP51: 28760.366 | AQ51: 27773.43 | AR51: 25853.028 | AS51: 26851.186 | AT51: 0 | AU51: 0 | AV51: 0 | AW51: 0 | AZ51: =1/1000000 -> 1e-06 | BA51: =+AZ51*AS51 -> 0.026851186
A52: IPPU | B52: co2 | C52: emission_co2e_co2_ippu_production_lime_and_carbonite | D52: :math:\text{CO}_2 Emissions from Industrial Production Processes | E52: 1 | F52: MT | G52: co2e | H52: IP | I52: Emissions (MTCO2 Eq.) | J52: Carbon Dioxide Emissions | K52: Lime Manufacture | L52: 6 | N52: 59063.736 | O52: 0 | P52: 0 | Q52: 84888.619 | R52: 76384.299 | S52: 86407.971 | T52: 78683.652 | U52: 86428.289 | V52: 87046.68 | W52: 84155.784 | X52: 77987.943 | Y52: 0 | Z52: 0 | AA52: 0 | AB52: 0 | AC52: 0 | AD52: 0 | AE52: 0 | AF52: 0 | AG52: 119298.23 | AH52: 138598.41 | AI52: 113705.07 | AJ52: 115733.14 | AK52: 121561.26 | AL52: 126842.96 | AM52: 120514.63 | AN52: 125630.25 | AO52: 121378.57 | AP52: 124009.24 | AQ52: 133057.87 | AR52: 125252.06 | AS52: 133702.37 | AT52: 0 | AU52: 0 | AV52: 0 | AW52: 0 | AZ52: =1/1000000 -> 1e-06 | BA52: =+AZ52*AS52 -> 0.13370237
A53: IPPU | B53: co2 | C53: emission_co2e_co2_ippu_production_metals | D53: :math:\text{CO}_2 Emissions from Industrial Production Processes | E53: 1 | F53: MT | G53: co2e | H53: IP | I53: Emissions (MTCO2 Eq.) | J53: Carbon Dioxide Emissions | K53: Aluminum Production, CO2|Iron & Steel Production | L53: 9|10 | N53: 0 | O53: 0 | P53: 0 | Q53: 0 | R53: 0 | S53: 0 | T53: 0 | U53: 1088979.1 | V53: 1102899.3 | W53: 1031252.9 | X53: 1146848.2 | Y53: 1218092.6 | Z53: 1229027.3 | AA53: 1326528.1 | AB53: 1235449 | AC53: 1034106.6 | AD53: 1020908.5 | AE53: 1051505.3 | AF53: 923684.01 | AG53: 555636.45 | AH53: 816880.82 | AI53: 816880.82 | AJ53: 816880.82 | AK53: 816880.82 | AL53: 816880.82 | AM53: 816880.82 | AN53: 816880.82 | AO53: 816880.82 | AP53: 816880.82 | AQ53: 816880.82 | AR53: 816880.82 | AS53: 816880.82 | AT53: 0 | AU53: 0 | AV53: 0 | AW53: 0 | AZ53: =1/1000000 -> 1e-06 | BA53: =+AZ53*AS53 -> 0.81688082
A54: IPPU | B54: n2o | C54: emission_co2e_n2o_ippu_production_chemicals | D54: :math:\text{N}_2\text{O} Emissions from Industrial Production Processes | E54: 1 | F54: MT | G54: co2e | H54: IP | I54: Emissions (MTCO2 Eq.) | J54: Carbon Dioxide Emissions | K54: Nitric Acid Production|Adipic Acid Production | L54: 15|16 | N54: 0 | O54: 0 | P54: 0 | Q54: 0 | R54: 0 | S54: 0 | T54: 0 | U54: 0 | V54: 0 | W54: 0 | X54: 0 | Y54: 0 | Z54: 0 | AA54: 0 | AB54: 0 | AC54: 0 | AD54: 0 | AE54: 0 | AF54: 0 | AG54: 0 | AH54: 0 | AI54: 0 | AJ54: 0 | AK54: 0 | AL54: 0 | AM54: 0 | AN54: 0 | AO54: 0 | AP54: 0 | AQ54: 0 | AR54: 0 | AS54: 0 | AT54: 0 | AU54: 0 | AV54: 0 | AW54: 0 | AZ54: =1/1000000 -> 1e-06 | BA54: =+AZ54*AS54 -> 0
A55: IPPU | B55: ch4 | C55: emission_co2e_ch4_ippu_production_chemicals | D55: :math:\text{CH}_4 Emissions from Industrial Production Processes | E55: 0 | F55: NA | G55: NA | H55: NA | I55: NA | J55: NA | K55: NA | L55: -1 | BA55: =+AZ55*AS55 -> 0
A56: IPPU | B56: ch4 | C56: emission_co2e_ch4_ippu_production_metals | D56: :math:\text{CH}_4 Emissions from Industrial Production Processes | E56: 0 | F56: NA | G56: NA | H56: NA | I56: NA | J56: NA | K56: NA | L56: -1 | BA56: =+AZ56*AS56 -> 0
A57: IPPU | B57: ch4 | C57: emission_co2e_ch4_ippu_production_paper | D57: :math:\text{CH}_4 Emissions from Industrial Production Processes | E57: 0 | F57: NA | G57: NA | H57: NA | I57: NA | J57: NA | K57: NA | L57: -1 | BA57: =+AZ57*AS57 -> 0
A58: IPPU | B58: ch4 | C58: emission_co2e_ch4_ippu_production_plastic | D58: :math:\text{CH}_4 Emissions from Industrial Production Processes | E58: 0 | F58: NA | G58: NA | H58: NA | I58: NA | J58: NA | K58: NA | L58: -1 | BA58: =+AZ58*AS58 -> 0
A59: IPPU | B59: co2 | C59: emission_co2e_co2_ippu_product_use_product_use_lubricants | D59: :math:\text{CO}_2 Emissions from Industrial Product Use | E59: 0 | F59: NA | G59: NA | H59: NA | I59: NA | J59: NA | K59: NA | L59: -1 | BA59: =+AZ59*AS59 -> 0
A60: IPPU | B60: co2 | C60: emission_co2e_co2_ippu_product_use_product_use_other | D60: :math:\text{CO}_2 Emissions from Industrial Product Use | E60: 0 | F60: NA | G60: NA | H60: NA | I60: NA | J60: NA | K60: NA | L60: -1 | BA60: =+AZ60*AS60 -> 0
A61: IPPU | B61: co2 | C61: emission_co2e_co2_ippu_product_use_product_use_paraffin_wax | D61: :math:\text{CO}_2 Emissions from Industrial Product Use | E61: 0 | F61: NA | G61: NA | H61: NA | I61: NA | J61: NA | K61: NA | L61: -1 | BA61: =+AZ61*AS61 -> 0
A62: IPPU | B62: co2 | C62: emission_co2e_co2_ippu_production_chemicals | D62: :math:\text{CO}_2 Emissions from Industrial Production Processes | E62: 0 | F62: NA | G62: NA | H62: NA | I62: NA | J62: NA | K62: NA | L62: -1 | BA62: =+AZ62*AS62 -> 0
A63: IPPU | B63: co2 | C63: emission_co2e_co2_ippu_production_paper | D63: :math:\text{CO}_2 Emissions from Industrial Production Processes | E63: 0 | F63: NA | G63: NA | H63: NA | I63: NA | J63: NA | K63: NA | L63: -1 | BA63: =+AZ63*AS63 -> 0
A64: IPPU | B64: co2 | C64: emission_co2e_co2_ippu_production_plastic | D64: :math:\text{CO}_2 Emissions from Industrial Production Processes | E64: 0 | F64: NA | G64: NA | H64: NA | I64: NA | J64: NA | K64: NA | L64: -1 | BA64: =+AZ64*AS64 -> 0
A65: IPPU | B65: co2 | C65: emission_co2e_co2_ippu_production_product_use_lubricants | D65: :math:\text{CO}_2 Emissions from Industrial Production Processes | E65: 0 | F65: NA | G65: NA | H65: NA | I65: NA | J65: NA | K65: NA | L65: -1 | BA65: =+AZ65*AS65 -> 0
A66: IPPU | B66: co2 | C66: emission_co2e_co2_ippu_production_product_use_paraffin_wax | D66: :math:\text{CO}_2 Emissions from Industrial Production Processes | E66: 0 | F66: NA | G66: NA | H66: NA | I66: NA | J66: NA | K66: NA | L66: -1 | BA66: =+AZ66*AS66 -> 0
... A69: IPPU | B69: n2o | C69: emission_co2e_n2o_ippu_production_plastic | D69: :math:\text{N}_2\text{O} Emissions from Industrial Production Processes | E69: 0 | F69: NA | G69: NA | H69: NA | I69: NA | J69: NA | K69: NA | L69: -1 | BA69: =+AZ69*AS69 -> 0
A70: Land Use | B70: co2 | C70: emission_co2e_co2_lndu_biomass_sequestration_settlements | D70: :math:\text{CO}_2 Emissions from Land Use Biomass Sequestration | E70: 1 | F70: MMT | G70: co2e | H70: Forest Management | I70: Emissions (MMTCO2E) | J70: Urban Trees | L70: 40 | N70: -1.3721827 | O70: -1.3971828 | P70: -1.4221828 | Q70: -1.4471829 | R70: -1.4721829 | S70: -1.4971829 | T70: -1.522183 | U70: -1.547183 | V70: -1.5721831 | W70: -1.5971831 | X70: -1.6221831 | Y70: -1.6515987 | Z70: -1.6810142 | AA70: -1.7104297 | AB70: -1.7398452 | AC70: -1.7692608 | AD70: -1.7986763 | AE70: -1.8280918 | AF70: -1.8575073 | AG70: -1.8869229 | AH70: -1.9163384 | AI70: -1.9457539 | AJ70: -1.9751694 | AK70: -2.004585 | AL70: -2.0340005 | AM70: -2.063416 | AN70: -2.0928315 | AO70: -2.1222471 | AP70: -2.1516626 | AQ70: -2.1810781 | AR70: -1.899996 | AS70: -2.1270009 | AT70: 0 | AU70: 0 | AV70: 0 | AW70: 0 | AZ70: 1 | BA70: =+AZ70*AS70 -> -2.1270009
A71: Land Use | B71: co2 | C71: emission_co2e_co2_lndu_conversion_forests_mangroves_to_croplands|emission_co2e_co2_lndu_conversion_forests_mangroves_to_flooded|emission_co2e_co2_lndu_conversion_forests_mangroves_to_grasslands|emission_co2e_co2_lndu_conversion_forests_mangroves_to_other|emission_co2e_co2_lndu_conversion_forests_mangroves_to_pastures|emission_co2e_co2_lndu_conversion_forests_mangroves_to_settlements|emission_co2e_co2_lndu_conversion_forests_mangroves_to_shrublands|emission_co2e_co2_lndu_conversion_forests_mangroves_to_wetlands|emission_co2e_co2_lndu_conversion_forests_primary_to_croplands|emission_co2e_co2_lndu_conversion_forests_primary_to_flooded|emission_co2e_co2_lndu_conversion_forests_primary_to_grasslands|emission_co2e_co2_lndu_conversion_forests_primary_to_other|emission_co2e_co2_lndu_conversion_forests_primary_to_pastures|emission_co2e_co2_lndu_conversion_forests_primary_to_settlements|emission_co2e_co2_lndu_conversion_forests_primary_to_shrublands|emission_co2e_co2_lndu_conversion_forests_primary_to_wetlands|emission_co2e_co2_lndu_conversion_forests_secondary_to_croplands|emission_co2e_co2_lndu_conversion_forests_secondary_to_flooded|emission_co2e_co2_lndu_conversion_forests_secondary_to_grasslands|emission_co2e_co2_lndu_conversion_forests_secondary_to_other|emission_co2e_co2_lndu_conversion_forests_secondary_to_pastures|emission_co2e_co2_lndu_conversion_forests_secondary_to_settlements|emission_co2e_co2_lndu_conversion_forests_secondary_to_shrublands|emission_co2e_co2_lndu_conversion_forests_secondary_to_wetlands | D71: :math:\text{CO}_2 Emissions from Land Use Conversion | E71: 1 | F71: MMT | G71: co2e | H71: Forest Management | I71: Emissions (MMTCO2E) | J71: Forest Land Converted to Land | K71: Aboveground Biomass|Belowground Biomass|Deadwood|Litter | L71: 35|36|37|38 | N71: 1.75 | O71: 1.76 | P71: 1.76 | Q71: 1.77 | R71: 1.78 | S71: 1.79 | T71: 1.8 | U71: 1.82 | V71: 1.82 | W71: 1.83 | X71: 1.84 | Y71: 1.88 | Z71: 1.88 | AA71: 1.89 | AB71: 1.9 | AC71: 1.93 | AD71: 1.94 | AE71: 1.96 | AF71: 1.97 | AG71: 1.97 | AH71: 1.98 | AI71: 2 | AJ71: 2.01 | AK71: 2.03 | AL71: 2.04 | AM71: 2.05 | AN71: 2.05 | AO71: 2.05 | AP71: 2.05 | AQ71: 2.05 | AR71: 2.05 | AS71: 2.05 | AT71: 0 | AU71: 0 | AV71: 0 | AW71: 0 | AZ71: 1 | BA71: =+AZ71*AS71 -> 2.05
A72: Land Use | B72: ch4 | C72: emission_co2e_ch4_lndu_wetlands | D72: :math:\text{CH}_4 Emissions from Wetlands | E72: 0 | F72: NA | G72: NA | H72: NA | I72: NA | J72: NA | K72: NA | L72: -1 | BA72: =+AZ72*AS72 -> 0
A73: Land Use | B73: co2 | C73: emission_co2e_co2_lndu_biomass_sequestration_grasslands|emission_co2e_co2_lndu_biomass_sequestration_other|emission_co2e_co2_lndu_biomass_sequestration_pastures|emission_co2e_co2_lndu_biomass_sequestration_shrublands|emission_co2e_co2_lndu_biomass_sequestration_wetlands | D73: :math:\text{CO}_2 Emissions from Land Use Biomass Sequestration | E73: 0 | F73: NA | G73: NA | H73: NA | I73: NA | J73: NA | K73: NA | L73: -1 | BA73: =+AZ73*AS73 -> 0
A74: Land Use | B74: co2 | C74: emission_co2e_co2_lndu_conversion_croplands_to_croplands|emission_co2e_co2_lndu_conversion_croplands_to_flooded|emission_co2e_co2_lndu_conversion_croplands_to_grasslands|emission_co2e_co2_lndu_conversion_croplands_to_other|emission_co2e_co2_lndu_conversion_croplands_to_pastures|emission_co2e_co2_lndu_conversion_croplands_to_settlements|emission_co2e_co2_lndu_conversion_croplands_to_shrublands|emission_co2e_co2_lndu_conversion_croplands_to_wetlands|emission_co2e_co2_lndu_conversion_flooded_to_croplands|emission_co2e_co2_lndu_conversion_flooded_to_flooded|emission_co2e_co2_lndu_conversion_flooded_to_grasslands|emission_co2e_co2_lndu_conversion_flooded_to_other|emission_co2e_co2_lndu_conversion_flooded_to_pastures|emission_co2e_co2_lndu_conversion_flooded_to_settlements|emission_co2e_co2_lndu_conversion_flooded_to_shrublands|emission_co2e_co2_lndu_conversion_flooded_to_wetlands|emission_co2e_co2_lndu_conversion_forests_mangroves_to_forests_mangroves|emission_co2e_co2_lndu_conversion_forests_mangroves_to_forests_primary|emission_co2e_co2_lndu_conversion_forests_mangroves_to_forests_secondary|emission_co2e_co2_lndu_conversion_forests_primary_to_forests_mangroves|emission_co2e_co2_lndu_conversion_forests_primary_to_forests_primary|emission_co2e_co2_lndu_conversion_forests_primary_to_forests_secondary|emission_co2e_co2_lndu_conversion_forests_secondary_to_forests_mangroves|emission_co2e_co2_lndu_conversion_forests_secondary_to_forests_primary|emission_co2e_co2_lndu_conversion_forests_secondary_to_forests_secondary|emission_co2e_co2_lndu_conversion_grasslands_to_croplands|emission_co2e_co2_lndu_conversion_grasslands_to_flooded|emission_co2e_co2_lndu_conversion_grasslands_to_grasslands|emission_co2e_co2_lndu_conversion_grasslands_to_other|emission_co2e_co2_lndu_conversion_grasslands_to_pastures|emission_co2e_co2_lndu_conversion_grasslands_to_settlements|emission_co2e_co2_lndu_conversion_grasslands_to_shrublands|emission_co2e_co2_lndu_conversion_grasslands_to_wetlands|emission_co2e_co2_lndu_conversion_other_to_croplands|emission_co2e_co2_lndu_conversion_other_to_flooded|emission_co2e_co2_lndu_conversion_other_to_grasslands|emission_co2e_co2_lndu_conversion_other_to_other|emission_co2e_co2_lndu_conversion_other_to_pastures|emission_co2e_co2_lndu_conversion_other_to_settlements|emission_co2e_co2_lndu_conversion_other_to_shrublands|emission_co2e_co2_lndu_conversion_other_to_wetlands|emission_co2e_co2_lndu_conversion_pastures_to_croplands|emission_co2e_co2_lndu_conversion_pastures_to_flooded|emission_co2e_co2_lndu_conversion_pastures_to_grasslands|emission_co2e_co2_lndu_conversion_pastures_to_other|emission_co2e_co2_lndu_conversion_pastures_to_pastures|emission_co2e_co2_lndu_conversion_pastures_to_settlements|emission_co2e_co2_lndu_conversion_pastures_to_shrublands|emission_co2e_co2_lndu_conversion_pastures_to_wetlands|emission_co2e_co2_lndu_conversion_settlements_to_croplands|emission_co2e_co2_lndu_conversion_settlements_to_flooded|emission_co2e_co2_lndu_conversion_settlements_to_grasslands|emission_co2e_co2_lndu_conversion_settlements_to_other|emission_co2e_co2_lndu_conversion_settlements_to_pastures|emission_co2e_co2_lndu_conversion_settlements_to_settlements|emission_co2e_co2_lndu_conversion_settlements_to_shrublands|emission_co2e_co2_lndu_conversion_settlements_to_wetlands|emission_co2e_co2_lndu_conversion_shrublands_to_croplands|emission_co2e_co2_lndu_conversion_shrublands_to_flooded|emission_co2e_co2_lndu_conversion_shrublands_to_grasslands|emission_co2e_co2_lndu_conversion_shrublands_to_other|emission_co2e_co2_lndu_conversion_shrublands_to_pastures|emission_co2e_co2_lndu_conversion_shrublands_to_settlements|emission_co2e_co2_lndu_conversion_shrublands_to_shrublands|emission_co2e_co2_lndu_conversion_shrublands_to_wetlands|emission_co2e_co2_lndu_conversion_wetlands_to_croplands|emission_co2e_co2_lndu_conversion_wetlands_to_flooded|emission_co2e_co2_lndu_conversion_wetlands_to_grasslands|emission_co2e_co2_lndu_conversion_wetlands_to_other|emission_co2e_co2_lndu_conversion_wetlands_to_pastures|emission_co2e_co2_lndu_conversion_wetlands_to_settlements|emission_co2e_co2_lndu_conversion_wetlands_to_shrublands|emission_co2e_co2_lndu_conversion_wetlands_to_wetlands | D74: :math:\text{CO}_2 Emissions from Land Use Conversion | E74: 0 | F74: NA | G74: NA | H74: NA | I74: NA | J74: NA | K74: NA | L74: -1 | M74: Conversions between other non-forest land use types are not considered. It doesn't appear as though (https://www.epa.gov/system/files/documents/2025-01/land-use-change-and-forestry-users-guide.pdf) shrublands are considered a biomass sink. | BA74: =+AZ74*AS74 -> 0
A75: Land Use | B75: co2 | C75: emission_co2e_co2_lndu_conversion_croplands_to_forests_mangroves|emission_co2e_co2_lndu_conversion_croplands_to_forests_primary|emission_co2e_co2_lndu_conversion_croplands_to_forests_secondary|emission_co2e_co2_lndu_conversion_flooded_to_forests_mangroves|emission_co2e_co2_lndu_conversion_flooded_to_forests_primary|emission_co2e_co2_lndu_conversion_flooded_to_forests_secondary|emission_co2e_co2_lndu_conversion_grasslands_to_forests_mangroves|emission_co2e_co2_lndu_conversion_grasslands_to_forests_primary|emission_co2e_co2_lndu_conversion_grasslands_to_forests_secondary|emission_co2e_co2_lndu_conversion_other_to_forests_mangroves|emission_co2e_co2_lndu_conversion_other_to_forests_primary|emission_co2e_co2_lndu_conversion_other_to_forests_secondary|emission_co2e_co2_lndu_conversion_pastures_to_forests_mangroves|emission_co2e_co2_lndu_conversion_pastures_to_forests_primary|emission_co2e_co2_lndu_conversion_pastures_to_forests_secondary|emission_co2e_co2_lndu_conversion_settlements_to_forests_mangroves|emission_co2e_co2_lndu_conversion_settlements_to_forests_primary|emission_co2e_co2_lndu_conversion_settlements_to_forests_secondary|emission_co2e_co2_lndu_conversion_shrublands_to_forests_mangroves|emission_co2e_co2_lndu_conversion_shrublands_to_forests_primary|emission_co2e_co2_lndu_conversion_shrublands_to_forests_secondary|emission_co2e_co2_lndu_conversion_wetlands_to_forests_mangroves|emission_co2e_co2_lndu_conversion_wetlands_to_forests_primary|emission_co2e_co2_lndu_conversion_wetlands_to_forests_secondary | D75: :math:\text{CO}_2 Emissions from Land Use Conversion | E75: 0 | F75: NA | G75: NA | H75: NA | I75: NA | J75: NA | K75: NA | L75: -1 | M75: NOTE: there are equivalent rows in the Forest Management, but we do not account for conversions TO forest land immediately; those areas are accounted for in the next time step as part of "forest land remaining forest land", so they're not comparable | BA75: =+AZ75*AS75 -> 0
A76: Livestock | B76: ch4 | C76: emission_co2e_ch4_lvst_entferm_buffalo|emission_co2e_ch4_lvst_entferm_cattle_dairy|emission_co2e_ch4_lvst_entferm_cattle_nondairy|emission_co2e_ch4_lvst_entferm_chickens|emission_co2e_ch4_lvst_entferm_goats|emission_co2e_ch4_lvst_entferm_horses|emission_co2e_ch4_lvst_entferm_mules|emission_co2e_ch4_lvst_entferm_pigs|emission_co2e_ch4_lvst_entferm_sheep | D76: :math:\text{CH}_4 Emissions from Livestock Enteric Fermentation | E76: 1 | F76: MMT | G76: ch4 | H76: Agriculture | I76: Emissions by Gas (MMTCH4 or MMTN2O) | J76: Methane | K76: Enteric Fermentation | L76: 33 | N76: 0.071775843 | O76: 0.068853517 | P76: 0.065612496 | Q76: 0.068488388 | R76: 0.066239713 | S76: 0.067873455 | T76: 0.068017691 | U76: 0.067398199 | V76: 0.066308143 | W76: 0.064870644 | X76: 0.064267861 | Y76: 0.06146494 | Z76: 0.060995858 | AA76: 0.062026624 | AB76: 0.06284911 | AC76: 0.06278932 | AD76: 0.060380903 | AE76: 0.062168929 | AF76: 0.064506163 | AG76: 0.064000566 | AH76: 0.061298486 | AI76: 0.057621059 | AJ76: 0.056779432 | AK76: 0.056290554 | AL76: 0.056388777 | AM76: 0.057194936 | AN76: 0.055270762 | AO76: 0.055885439 | AP76: 0.058442933 | AQ76: 0.053503271 | AR76: 0.053427879 | AS76: 0.054993259 | AT76: 0 | AU76: 0 | AV76: 0 | AW76: 0 | AZ76: 28 | BA76: =+AZ76*AS76 -> 1.5398113
A77: Livestock Manure Management | B77: ch4 | C77: emission_co2e_ch4_lsmm_anaerobic_digester|emission_co2e_ch4_lsmm_anaerobic_lagoon|emission_co2e_ch4_lsmm_composting|emission_co2e_ch4_lsmm_daily_spread|emission_co2e_ch4_lsmm_deep_bedding|emission_co2e_ch4_lsmm_dry_lot|emission_co2e_ch4_lsmm_incineration|emission_co2e_ch4_lsmm_liquid_slurry|emission_co2e_ch4_lsmm_paddock_pasture_range|emission_co2e_ch4_lsmm_poultry_manure|emission_co2e_ch4_lsmm_storage_solid | E77: 1 | F77: MMT | G77: ch4 | H77: Agriculture | I77: Emissions by Gas (MMTCH4 or MMTN2O) | J77: Methane | K77: Manure Management | L77: 34 | N77: 0.00809265 | O77: 0.0074816374 | P77: 0.0075050882 | Q77: 0.0079091737 | R77: 0.0076027138 | S77: 0.007813684 | T77: 0.0074564015 | U77: 0.0070283231 | V77: 0.0074399609 | W77: 0.0072053536 | X77: 0.007327538 | Y77: 0.0073474255 | Z77: 0.0067963841 | AA77: 0.0065589627 | AB77: 0.0067461499 | AC77: 0.0065183649 | AD77: 0.0063390433 | AE77: 0.0065366468 | AF77: 0.0060877106 | AG77: 0.0062682796 | AH77: 0.0060969518 | AI77: 0.0058557778 | AJ77: 0.0057715404 | AK77: 0.0056784962 | AL77: 0.0057040733 | AM77: 0.0058555938 | AN77: 0.0055791325 | AO77: 0.0053908627 | AP77: 0.0055740202 | AQ77: 0.0059267807 | AR77: 0.0056163014 | AS77: 0.0053966849 | AT77: 0 | AU77: 0 | AV77: 0 | AW77: 0 | AZ77: 28 | BA77: =+AZ77*AS77 -> 0.15110718 | BC77: =+BA77+BA78 -> 0.23031873
A78: Livestock Manure Management | B78: n2o | C78: emission_co2e_n2o_lsmm_anaerobic_digester|emission_co2e_n2o_lsmm_anaerobic_lagoon|emission_co2e_n2o_lsmm_composting|emission_co2e_n2o_lsmm_daily_spread|emission_co2e_n2o_lsmm_deep_bedding|emission_co2e_n2o_lsmm_dry_lot|emission_co2e_n2o_lsmm_incineration|emission_co2e_n2o_lsmm_liquid_slurry|emission_co2e_n2o_lsmm_paddock_pasture_range|emission_co2e_n2o_lsmm_poultry_manure|emission_co2e_n2o_lsmm_storage_solid | D78: :math:\text{N}_2\text{O} Emissions from Manure Management | E78: 1 | F78: MMT | G78: n2o | H78: Agriculture | I78: Emissions by Gas (MMTCH4 or MMTN2O) | J78: Nitrous Oxide | K78: Manure Management | L78: 38 | N78: 0.00015504389 | O78: 0.00015126835 | P78: 0.0001419903 | Q78: 0.00013337848 | R78: 0.00013051099 | S78: 0.00013468239 | T78: 0.00019339491 | U78: 0.00014018039 | V78: 0.00018525651 | W78: 0.00018768278 | X78: 0.00024571712 | Y78: 0.0002421262 | Z78: 5.332675e-05 | AA78: 4.7512527e-05 | AB78: 0.00021949625 | AC78: 0.00020306223 | AD78: 0.00021703782 | AE78: 0.00019417811 | AF78: 0.00019171964 | AG78: 0.00019412955 | AH78: 0.00019422076 | AI78: 0.00015317983 | AJ78: 0.00014641422 | AK78: 0.00014100647 | AL78: 0.00014005376 | AM78: 0.00014248412 | AN78: 0.00013307216 | AO78: 0.00013293771 | AP78: 0.00014356855 | AQ78: 0.00033712758 | AR78: 0.00037028403 | AS78: 0.00029891153 | AT78: 0 | AU78: 0 | AV78: 0 | AW78: 0 | AZ78: 265 | BA78: =+AZ78*AS78 -> 0.079211555
A79: Soil Management | B79: co2 | C79: emission_co2e_co2_soil_lime_use | D79: :math:\text{CO}_2 Emissions from Lime | E79: 1 | F79: MMT | G79: co2e | H79: Agriculture | I79: Emissions by Gas (MMTCH4 or MMTN2O) | J79: Carbon Dioxide | K79: Liming | L79: 30 | N79: 0 | O79: 0 | P79: 0 | Q79: 0 | R79: 0 | S79: 0 | T79: 0 | U79: 0 | V79: 0 | W79: 0 | X79: 0 | Y79: 0 | Z79: 0 | AA79: 0 | AB79: 0 | AC79: 0 | AD79: 0 | AE79: 0 | AF79: 0 | AG79: 0 | AH79: 0 | AI79: 0 | AJ79: 0 | AK79: 0 | AL79: 0.016258514 | AM79: 0.037117447 | AN79: 0.036490495 | AO79: 0.040707736 | AP79: 0 | AQ79: 0.025356663 | AR79: 0.033722284 | AS79: 0.047991337 | AT79: 0 | AU79: 0 | AV79: 0 | AW79: 0 | AZ79: 1 | BA79: =+AZ79*AS79 -> 0.047991337 | BC79: =+BA79+BA80+BA83 -> 0.30515239
A80: Soil Management | B80: co2 | C80: emission_co2e_co2_soil_urea_use | D80: :math:\text{CO}_2 Emissions from Urea | E80: 1 | F80: MMT | G80: co2e | H80: Agriculture | I80: Emissions by Gas (MMTCH4 or MMTN2O) | J80: Carbon Dioxide | K80: Urea Fertilization | L80: 31 | N80: 0.052510032 | O80: 0.038566469 | P80: 0.043823305 | Q80: 0.042844811 | R80: 0.046750887 | S80: 0.0429391 | T80: 0.046384055 | U80: 0.050065854 | V80: 0.064201206 | W80: 0.064310205 | X80: 0.063556242 | Y80: 0.062888345 | Z80: 0.073696506 | AA80: 0.075509426 | AB80: 0.075203255 | AC80: 0.068732173 | AD80: 0.061218 | AE80: 0.085926332 | AF80: 0.10815039 | AG80: 0.10158114 | AH80: 0.12760989 | AI80: 0.11723365 | AJ80: 0.11021995 | AK80: 0.11473803 | AL80: 0.12677019 | AM80: 0.17977419 | AN80: 0.17694691 | AO80: 0.17257537 | AP80: 0.2033893 | AQ80: 0.22131322 | AR80: 0.23923714 | AS80: 0.25716106 | AT80: 0 | AU80: 0 | AV80: 0 | AW80: 0 | AZ80: 1 | BA80: =+AZ80*AS80 -> 0.25716106
A81: Soil Management | B81: n2o | C81: emission_co2e_n2o_soil_fertilizer | D81: :math:\text{N}_2\text{O} Emissions from Fertilizer Use | E81: 1 | F81: MT | G81: n2o | H81: Agriculture | I81: Nitrous Oxide Emissions from Agricultural Soil Management (Metric Tons N2O) | J81: Direct | K81: Fertilizers | L81: 45 | N81: 4810.0747 | O81: 4572.2344 | P81: 4573.6418 | Q81: 4827.2797 | R81: 4570.8332 | S81: 4843.0935 | T81: 5123.8221 | U81: 4709.6743 | V81: 4971.9826 | W81: 4699.9688 | X81: 4608.3526 | Y81: 4646.4509 | Z81: 5041.6153 | AA81: 4959.3976 | AB81: 4348.0463 | AC81: 4505.03 | AD81: 4079.5947 | AE81: 5222.5317 | AF81: 5062.2773 | AG81: 4512.249 | AH81: 4759.8785 | AI81: 4974.6141 | AJ81: 4682.761 | AK81: 4598.3897 | AL81: 4039.045 | AM81: 5179.8463 | AN81: 4886.485 | AO81: 5035.4088 | AP81: 5224.5138 | AQ81: 5513.6853 | AR81: 4855.1096 | AS81: 3150.7702 | AT81: 0 | AU81: 0 | AV81: 0 | AW81: 0 | AZ81: =265/1000000 -> 0.000265 | BA81: =+AZ81*AS81 -> 0.8349541 | BC81: =+BA81+BA82 -> 0.9280287
A82: Soil Management | B82: n2o | C82: emission_co2e_n2o_soil_mineral_soils|emission_co2e_n2o_soil_organic_soils|emission_co2e_n2o_soil_paddock_pasture_range | D82: :math:\text{N}_2\text{O} Emissions from Mineral Soils|:math:\text{N}_2\text{O} Emissions from Organic Soils|:math:\text{N}_2\text{O} Emissions from Paddock Pasture and Range | E82: 1 | F82: MT | G82: n2o | H82: Agriculture | I82: Nitrous Oxide Emissions from Agricultural Soil Management (Metric Tons N2O) | J82: Indirect | K82: Fertilizers | L82: 51 | N82: 423.5674 | O82: 385.49756 | P82: 437.38176 | Q82: 436.45666 | R82: 365.27054 | S82: 426.94968 | T82: 438.21711 | U82: 423.99198 | V82: 506.0633 | W82: 432.25169 | X82: 411.3579 | Y82: 455.8429 | Z82: 428.06235 | AA82: 414.62093 | AB82: 439.12764 | AC82: 420.69801 | AD82: 391.70394 | AE82: 475.0927 | AF82: 512.41731 | AG82: 476.49805 | AH82: 495.23997 | AI82: 455.67474 | AJ82: 353.2505 | AK82: 442.81455 | AL82: 412.79875 | AM82: 603.3731 | AN82: 556.7945 | AO82: 585.57908 | AP82: 615.89055 | AQ82: 606.8423 | AR82: 527.1073 | AS82: 351.22491 | AT82: 0 | AU82: 0 | AV82: 0 | AW82: 0 | AZ82: =265/1000000 -> 0.000265 | BA82: =+AZ82*AS82 -> 0.093074602
A83: Soil Management | B83: co2 | C83: emission_co2e_co2_soil_soc_mineral_soils | D83: :math:\\text{CO}_2 Emissions from Soil Carbon in Mineral Soils | E83: 0 | F83: NA | G83: NA | H83: NA | I83: NA | J83: NA | K83: NA | L83: -1 | BA83: =+AZ83*AS83 -> 0
A84: Solid Waste | B84: ch4 | C84: emission_co2e_ch4_waso_biogas_food|emission_co2e_ch4_waso_biogas_sludge|emission_co2e_ch4_waso_biogas_yard | D84: :math:\text{CH}_4 Emissions from Anaerobic Biogas | E84: 0 | F84: NA | G84: NA | H84: NA | I84: NA | J84: NA | K84: NA | L84: -1 | BA84: =+AZ84*AS84 -> 0 | BB84: =+BA84+BA85+BA86+BA88+BA89 -> 2.9989033
A85: Solid Waste | B85: ch4 | C85: emission_co2e_ch4_waso_compost_food|emission_co2e_ch4_waso_compost_sludge|emission_co2e_ch4_waso_compost_yard | D85: :math:\text{CH}_4 Emissions from Composting | E85: 0 | F85: NA | G85: NA | H85: NA | I85: NA | J85: NA | K85: NA | L85: -1 | BA85: =+AZ85*AS85 -> 0
A86: Solid Waste | B86: ch4 | C86: emission_co2e_ch4_waso_open_dump_chemical_industrial|emission_co2e_ch4_waso_open_dump_food|emission_co2e_ch4_waso_open_dump_glass|emission_co2e_ch4_waso_open_dump_metal|emission_co2e_ch4_waso_open_dump_nappies|emission_co2e_ch4_waso_open_dump_other|emission_co2e_ch4_waso_open_dump_paper|emission_co2e_ch4_waso_open_dump_plastic|emission_co2e_ch4_waso_open_dump_rubber_leather|emission_co2e_ch4_waso_open_dump_sludge|emission_co2e_ch4_waso_open_dump_textiles|emission_co2e_ch4_waso_open_dump_wood|emission_co2e_ch4_waso_open_dump_yard | D86: :math:\text{CH}_4 Emissions from Open Dumping | E86: 0 | F86: NA | G86: NA | H86: NA | I86: NA | J86: NA | K86: NA | L86: -1 | BA86: =+AZ86*AS86 -> 0
A87: Solid Waste | B87: n2o | C87: emission_co2e_n2o_waso_compost_food|emission_co2e_n2o_waso_compost_sludge|emission_co2e_n2o_waso_compost_yard | D87: :math:\text{N}_2\text{O} Emissions from Composting | E87: 0 | F87: NA | G87: NA | H87: NA | I87: NA | J87: NA | K87: NA | L87: -1 | BA87: =+AZ87*AS87 -> 0 | BB87: =+BA87+BA91 -> 0.0022113681
A88: Solid Waste | B88: ch4 | C88: emission_co2e_ch4_waso_incineration | D88: :math:\text{CH}_4 Emissions from Incineration | E88: 1 | F88: MT | G88: co2e | H88: Waste | I88: CO2 and N2O Emissions from Waste Combustion (MTCO2E) | J88: CH4 | L88: 32 | N88: 0 | O88: 0 | P88: 0 | Q88: 283.19259 | R88: 0 | S88: 0 | T88: 0 | U88: 0 | V88: 0 | W88: 0 | X88: 0 | Y88: 0 | Z88: 0 | AA88: 42.322313 | AB88: 99.467573 | AC88: 114.29052 | AD88: 129.11347 | AE88: 126.81247 | AF88: 124.51146 | AG88: 78.088191 | AH88: 80.25562 | AI88: 80.549726 | AJ88: 80.652023 | AK88: 81.540733 | AL88: 82.605267 | AM88: 83.791279 | AN88: 85.709358 | AO88: 85.885182 | AP88: 93.461594 | AQ88: 93.461594 | AR88: 93.461594 | AS88: 93.461594 | AT88: 0 | AU88: 0 | AV88: 0 | AW88: 0 | AZ88: =1/1000000 -> 1e-06 | BA88: =+AZ88*AS88 -> 9.3461594e-05
A89: Solid Waste | B89: ch4 | C89: emission_co2e_ch4_waso_landfilled_chemical_industrial|emission_co2e_ch4_waso_landfilled_food|emission_co2e_ch4_waso_landfilled_glass|emission_co2e_ch4_waso_landfilled_metal|emission_co2e_ch4_waso_landfilled_nappies|emission_co2e_ch4_waso_landfilled_other|emission_co2e_ch4_waso_landfilled_paper|emission_co2e_ch4_waso_landfilled_plastic|emission_co2e_ch4_waso_landfilled_rubber_leather|emission_co2e_ch4_waso_landfilled_sludge|emission_co2e_ch4_waso_landfilled_textiles|emission_co2e_ch4_waso_landfilled_wood|emission_co2e_ch4_waso_landfilled_yard | D89: :math:\text{CH}_4 Emissions from Landfills | E89: 1 | F89: MT | G89: co2e | H89: Waste | I89: CH4 Emissions from Landfills (MTCO2E) | J89: Total CH4 Emissions | L89: 23 | N89: 3199054.3 | O89: 3286388.3 | P89: 3354943.3 | Q89: 3419907.8 | R89: 3116393.7 | S89: 2980314.2 | T89: 3130697 | U89: 3197452 | V89: 3260400.9 | W89: 3169106.8 | X89: 3267090.9 | Y89: 3594673.9 | Z89: 3557251.4 | AA89: 3222856.3 | AB89: 3208011 | AC89: 3132580.7 | AD89: 3212000.5 | AE89: 3404374.7 | AF89: 3639505.8 | AG89: 3807462 | AH89: 3435235.8 | AI89: 3359055 | AJ89: 3353742.8 | AK89: 3590029.7 | AL89: 3514201.1 | AM89: 3526023.9 | AN89: 3646177.1 | AO89: 3468943.4 | AP89: 3280208.4 | AQ89: 3171919.3 | AR89: 3206750.2 | AS89: 2998809.8 | AT89: 0 | AU89: 0 | AV89: 0 | AW89: 0 | AZ89: =1/1000000 -> 1e-06 | BA89: =+AZ89*AS89 -> 2.9988098
A90: Solid Waste | B90: co2 | C90: emission_co2e_co2_waso_incineration | D90: :math:\text{CO}_2 Emissions from Incineration | E90: 1 | F90: MT | G90: co2e | H90: Waste | I90: CO2 and N2O Emissions from Waste Combustion (MTCO2E) | J90: CO2 | L90: 27 | N90: 0 | O90: 0 | P90: 0 | Q90: 243212.68 | R90: 0 | S90: 0 | T90: 0 | U90: 0 | V90: 0 | W90: 0 | X90: 0 | Y90: 0 | Z90: 0 | AA90: 47263.653 | AB90: 114779.54 | AC90: 139635.24 | AD90: 157366.36 | AE90: 155007.46 | AF90: 163008.77 | AG90: 100896.56 | AH90: 110262.08 | AI90: 112814.22 | AJ90: 114201.43 | AK90: 117624.37 | AL90: 121088.72 | AM90: 124485.97 | AN90: 128790.19 | AO90: 129982.82 | AP90: 137286.98 | AQ90: 137286.98 | AR90: 137286.98 | AS90: 137286.98 | AT90: 0 | AU90: 0 | AV90: 0 | AW90: 0 | AZ90: =1/1000000 -> 1e-06 | BA90: =+AZ90*AS90 -> 0.13728698
A91: Solid Waste | B91: n2o | C91: emission_co2e_n2o_waso_incineration | D91: :math:\text{N}_2\text{O} Emissions from Incineration | E91: 1 | F91: MT | G91: co2e | H91: Waste | I91: CO2 and N2O Emissions from Waste Combustion (MTCO2E) | J91: N2O | L91: 31 | N91: 0 | O91: 0 | P91: 0 | Q91: 6700.5391 | R91: 0 | S91: 0 | T91: 0 | U91: 0 | V91: 0 | W91: 0 | X91: 0 | Y91: 0 | Z91: 0 | AA91: 1001.3761 | AB91: 2353.4738 | AC91: 2704.1953 | AD91: 3054.9169 | AE91: 3000.4735 | AF91: 2946.0302 | AG91: 1847.6224 | AH91: 1898.9053 | AI91: 1905.864 | AJ91: 1908.2845 | AK91: 1929.312 | AL91: 1954.4996 | AM91: 1982.5615 | AN91: 2027.9446 | AO91: 2032.1048 | AP91: 2211.3681 | AQ91: 2211.3681 | AR91: 2211.3681 | AS91: 2211.3681 | AT91: 0 | AU91: 0 | AV91: 0 | AW91: 0 | AZ91: =1/1000000 -> 1e-06 | BA91: =+AZ91*AS91 -> 0.0022113681
A92: Stationary Combustion and Other Energy | B92: co2 | C92: emission_co2e_co2_scoe_commercial_municipal|emission_co2e_co2_scoe_other_se | D92: :math:\text{CO}_2 Emissions from SCOE | E92: 1 | F92: MMT | G92: co2e | H92: CO2FFC | I92: Emissions (MMTCO2 Eq.) | J92: Commercial | K92: Coal|Natural Gas|Other|Petroleum | L92: 10|11|12|13 | N92: 1.9039476 | O92: 1.9339101 | P92: 1.9543266 | Q92: 1.7780932 | R92: 1.733755 | S92: 1.4951703 | T92: 1.5659016 | U92: 1.7616697 | V92: 1.6211535 | W92: 1.7649001 | X92: 2.583435 | Y92: 1.981217 | Z92: 1.9421855 | AA92: 2.4257987 | AB92: 2.1543394 | AC92: 2.051383 | AD92: 1.4627439 | AE92: 2.6598654 | AF92: 1.5860188 | AG92: 2.0025811 | AH92: 1.9542559 | AI92: 1.9004387 | AJ92: 1.8615667 | AK92: 1.8084468 | AL92: 1.9950089 | AM92: 2.1819683 | AN92: 2.166293 | AO92: 2.1470801 | AP92: 2.4773028 | AQ92: 2.3793382 | AR92: 2.2646747 | AS92: 2.3804897 | AT92: 0 | AU92: 0 | AV92: 0 | AW92: 0 | AZ92: 1 | BA92: =+AZ92*AS92 -> 2.3804897 | BC92: =+BA92+BA93 -> 4.4704022
A93: Stationary Combustion and Other Energy | B93: co2 | C93: emission_co2e_co2_scoe_residential | D93: :math:\text{CO}_2 Emissions from SCOE | E93: 1 | F93: MMT | G93: co2e | H93: CO2FFC | I93: Emissions (MMTCO2 Eq.) | J93: Residential | K93: Coal|Natural Gas|Other|Petroleum | L93: 5|6|7|8 | N93: 3.1137562 | O93: 3.2077655 | P93: 3.276221 | Q93: 3.2593854 | R93: 3.064643 | S93: 3.01691 | T93: 3.3059031 | U93: 3.3893929 | V93: 3.0036411 | W93: 2.9082965 | X93: 3.2781541 | Y93: 3.1010879 | Z93: 2.9286143 | AA93: 2.7775812 | AB93: 2.5131235 | AC93: 2.4839059 | AD93: 2.051529 | AE93: 2.1716599 | AF93: 2.2229092 | AG93: 2.2022768 | AH93: 2.6529631 | AI93: 2.2998052 | AJ93: 1.8217446 | AK93: 2.2073298 | AL93: 2.5525914 | AM93: 2.1119967 | AN93: 1.8061561 | AO93: 1.6810835 | AP93: 2.1556487 | AQ93: 2.06346 | AR93: 1.8593453 | AS93: 2.0899125 | AT93: 0 | AU93: 0 | AV93: 0 | AW93: 0 | AZ93: 1 | BA93: =+AZ93*AS93 -> 2.0899125
A94: Stationary Combustion and Other Energy | B94: ch4 | C94: emission_co2e_ch4_scoe_commercial_municipal|emission_co2e_ch4_scoe_other_se | D94: :math:\text{CH}_4 Emissions from SCOE | E94: 1 | F94: MMT | G94: co2e | H94: Stationary | I94: Emissions (MMTCO2 Eq.) | J94: Commerical | K94: CH4 | L94: 9 | N94: 0.010233937 | O94: 0.010512425 | P94: 0.010661178 | Q94: 0.013780649 | R94: 0.013303052 | S94: 0.012497347 | T94: 0.012956179 | U94: 0.0099327586 | V94: 0.008989526 | W94: 0.0098136052 | X94: 0.013254293 | Y94: 0.010861437 | Z94: 0.010682333 | AA94: 0.012784846 | AB94: 0.011656688 | AC94: 0.0080061204 | AD94: 0.0057770028 | AE94: 0.010432668 | AF94: 0.006419793 | AG94: 0.0086294146 | AH94: 0.0081831534 | AI94: 0.007961835 | AJ94: 0.007482729 | AK94: 0.0074544442 | AL94: 0.0080990294 | AM94: 0.0071328468 | AN94: 0.0070192592 | AO94: 0.0069000672 | AP94: 0.0077639876 | AQ94: 0.0075116076 | AR94: 0.0073316356 | AS94: 0.0075989402 | AT94: 0 | AU94: 0 | AV94: 0 | AW94: 0 | AZ94: 1 | BA94: =+AZ94*AS94 -> 0.0075989402 | BC94: =+BA94+BA95 -> 0.017075992
A95: Stationary Combustion and Other Energy | B95: ch4 | C95: emission_co2e_ch4_scoe_residential | D95: :math:\text{CH}_4 Emissions from SCOE | E95: 1 | F95: MMT | G95: co2e | H95: Stationary | I95: Emissions (MMTCO2 Eq.) | J95: Residential | K95: CH4 | L95: 6 | N95: 0.051371531 | O95: 0.053716726 | P95: 0.05621162 | Q95: 0.073677527 | R95: 0.069841348 | S95: 0.069823096 | T95: 0.072871606 | U95: 0.039948201 | V95: 0.035682364 | W95: 0.036407633 | X95: 0.039630841 | Y95: 0.036477485 | Z95: 0.03605552 | AA95: 0.037082209 | AB95: 0.037126865 | AC95: 0.018473113 | AD95: 0.016059356 | AE95: 0.017318065 | AF95: 0.018898043 | AG95: 0.024721594 | AH95: 0.027158284 | AI95: 0.025648304 | AJ95: 0.021120163 | AK95: 0.027084134 | AL95: 0.028251038 | AM95: 0.011537095 | AN95: 0.008825094 | AO95: 0.007779112 | AP95: 0.010218781 | AQ95: 0.0099660282 | AR95: 0.0087489021 | AS95: 0.0094770519 | AT95: 0 | AU95: 0 | AV95: 0 | AW95: 0 | AZ95: 1 | BA95: =+AZ95*AS95 -> 0.0094770519
A96: Stationary Combustion and Other Energy | B96: n2o | C96: emission_co2e_n2o_scoe_commercial_municipal|emission_co2e_n2o_scoe_other_se | D96: :math:\text{N}_2\text{O} Emissions from SCOE | E96: 1 | F96: MMT | G96: co2e | H96: Stationary | I96: Emissions (MMTCO2 Eq.) | J96: Commercial | K96: N2O | L96: 8 | N96: 0.0023819048 | O96: 0.0024086088 | P96: 0.0022206311 | Q96: 0.0026069825 | R96: 0.0025451607 | S96: 0.0021050699 | T96: 0.0020784559 | U96: 0.0018479563 | V96: 0.0017646986 | W96: 0.0021443138 | X96: 0.0038584609 | Y96: 0.0027002122 | Z96: 0.0024857768 | AA96: 0.0036064274 | AB96: 0.0030433209 | AC96: 0.0023514961 | AD96: 0.0013079128 | AE96: 0.0038155998 | AF96: 0.0015465241 | AG96: 0.002465764 | AH96: 0.0020563656 | AI96: 0.0020416368 | AJ96: 0.0018934329 | AK96: 0.0015833379 | AL96: 0.0017594092 | AM96: 0.0020589891 | AN96: 0.0021378424 | AO96: 0.0021502312 | AP96: 0.0022644965 | AQ96: 0.0022381052 | AR96: 0.0022894595 | AS96: 0.0022843874 | AT96: 0 | AU96: 0 | AV96: 0 | AW96: 0 | AZ96: 1 | BA96: =+AZ96*AS96 -> 0.0022843874 | BC96: =+BA96+BA97 -> 0.0040044044
A97: Stationary Combustion and Other Energy | B97: n2o | C97: emission_co2e_n2o_scoe_residential | D97: :math:\text{N}_2\text{O} Emissions from SCOE | E97: 1 | F97: MMT | G97: co2e | H97: Stationary | I97: Emissions (MMTCO2 Eq.) | J97: Residential | K97: N2O | L97: 5 | N97: 0.0072025648 | O97: 0.0075273038 | P97: 0.0079348499 | Q97: 0.010004018 | R97: 0.0094916746 | S97: 0.0094466935 | T97: 0.0099472917 | U97: 0.0058798783 | V97: 0.0054254987 | W97: 0.0057331054 | X97: 0.0062979132 | Y97: 0.0058222249 | Z97: 0.0053718468 | AA97: 0.005393969 | AB97: 0.0053351072 | AC97: 0.0030376632 | AD97: 0.0026857247 | AE97: 0.0027193425 | AF97: 0.0030001869 | AG97: 0.0037938937 | AH97: 0.0041074815 | AI97: 0.0038526866 | AJ97: 0.0031068441 | AK97: 0.0039196653 | AL97: 0.0041497172 | AM97: 0.0019483383 | AN97: 0.0015529424 | AO97: 0.001407256 | AP97: 0.0017803336 | AQ97: 0.0017598305 | AR97: 0.0015854447 | AS97: 0.0017200169 | AT97: 0 | AU97: 0 | AV97: 0 | AW97: 0 | AZ97: 1 | BA97: =+AZ97*AS97 -> 0.0017200169
A98: Transportation | B98: co2 | C98: emission_co2e_co2_trns_aviation|emission_co2e_co2_trns_human_powered|emission_co2e_co2_trns_powered_bikes|emission_co2e_co2_trns_public|emission_co2e_co2_trns_rail_freight|emission_co2e_co2_trns_rail_passenger|emission_co2e_co2_trns_road_heavy_freight|emission_co2e_co2_trns_road_heavy_regional|emission_co2e_co2_trns_road_light|emission_co2e_co2_trns_water_borne | D98: :math:\text{CO}_2 Emissions from Transportation | E98: 1 | F98: MMT | G98: co2e | H98: CO2FFC | I98: Emissions (MMTCO2 Eq.) | J98: Transportation|International Bunker Fuels | K98: Coal|Petroluem|Natural Gas|Other | L98: 20|21|22|23|30 | N98: 48.911686 | O98: 51.446063 | P98: 51.553362 | Q98: 51.367388 | R98: 53.988137 | S98: 54.011271 | T98: 59.321829 | U98: 56.680433 | V98: 55.479621 | W98: 55.335841 | X98: 61.297394 | Y98: 53.665251 | Z98: 54.98293 | AA98: 55.00559 | AB98: 53.773543 | AC98: 51.056465 | AD98: 54.990934 | AE98: 50.545229 | AF98: 47.438193 | AG98: 46.719588 | AH98: 42.249842 | AI98: 43.272243 | AJ98: 39.135251 | AK98: 38.044234 | AL98: 36.146867 | AM98: 36.838767 | AN98: 38.217068 | AO98: 41.29589 | AP98: 38.120758 | AQ98: 40.512745 | AR98: 39.234403 | AS98: 44.889634 | AT98: 0 | AU98: 0 | AV98: 0 | AW98: 0 | AZ98: 1 | BA98: =+AZ98*AS98 -> 44.889634
A99: Transportation | B99: ch4 | C99: emission_co2e_ch4_trns_aviation | D99: :math:\text{CH}_4 Emissions from Transportation | E99: 1 | F99: MT | G99: co2e | H99: Mobile Combustion | I99: CH4 Emissions from Mobile Sources (MTCO2E) | J99: Non-Highway | K99: aircraft | L99: 73 | N99: 8846.4407 | O99: 10657.317 | P99: 9001.0628 | Q99: 9536.7121 | R99: 10995.194 | S99: 9585.749 | T99: 9590.1729 | U99: 10174.34 | V99: 9454.5694 | W99: 11171.792 | X99: 11571.458 | Y99: 12960.739 | Z99: 12089.024 | AA99: 12557.987 | AB99: 11466.093 | AC99: 9177.863 | AD99: 7644.5558 | AE99: 7093.4351 | AF99: 6538.6552 | AG99: 5452.3852 | AH99: 1967.3061 | AI99: 2040.0348 | AJ99: 2100.9412 | AK99: 1864.0619 | AL99: 1764.3765 | AM99: 1766.0936 | AN99: 1681.3119 | AO99: 1732.775 | AP99: 1768.5269 | AQ99: 1831.539 | AR99: 1225.4247 | AS99: 1341.4876 | AT99: 0 | AU99: 0 | AV99: 0 | AW99: 0 | AZ99: =1/1000000 -> 1e-06 | BA99: =+AZ99*AS99 -> 0.0013414876 | BC99: =+BA99+BA100+BA101+BA102+BA103+BA104 -> 0.058546902
A100: Transportation | B100: ch4 | C100: emission_co2e_ch4_trns_powered_bikes | D100: :math:\text{CH}_4 Emissions from Transportation | E100: 1 | F100: MT | G100: co2e | H100: Mobile Combustion | I100: CH4 Emissions from Mobile Sources (MTCO2E) | J100: Gasoline Highway | K100: Motorcycles | L100: 62 | N100: 386.40032 | O100: 353.29018 | P100: 344.5877 | Q100: 369.93396 | R100: 380.541 | S100: 405.33494 | T100: 358.51473 | U100: 337.71385 | V100: 336.17715 | W100: 361.61713 | X100: 341.1035 | Y100: 294.77513 | Z100: 296.439 | AA100: 293.44394 | AB100: 300.65686 | AC100: 301.66291 | AD100: 292.97313 | AE100: 200.7957 | AF100: 171.61009 | AG100: 229.78209 | AH100: 188.1357 | AI100: 179.12785 | AJ100: 180.46422 | AK100: 153.59717 | AL100: 130.86403 | AM100: 109.5793 | AN100: 99.202964 | AO100: 87.181225 | AP100: 75.445723 | AQ100: 105.80833 | AR100: 89.933984 | AS100: 199.71389 | AT100: 0 | AU100: 0 | AV100: 0 | AW100: 0 | AZ100: =1/1000000 -> 1e-06 | BA100: =+AZ100*AS100 -> 0.00019971389
A101: Transportation | B101: ch4 | C101: emission_co2e_ch4_trns_rail_freight|emission_co2e_ch4_trns_rail_passenger | D101: :math:\text{CH}_4 Emissions from Transportation | E101: 1 | F101: MT | G101: co2e | H101: Mobile Combustion | I101: CH4 Emissions from Mobile Sources (MTCO2E) | J101: Non-Highway | K101: Locomotives | L101: 70 | N101: 1545.2687 | O101: 1794.4426 | P101: 1135.6845 | Q101: 921.17025 | R101: 766.21545 | S101: 446.09565 | T101: 594.86927 | U101: 439.81437 | V101: 510.0095 | W101: 674.19853 | X101: 1109.083 | Y101: 1531.2297 | Z101: 1305.8796 | AA101: 1349.0978 | AB101: 1159.2831 | AC101: 894.94405 | AD101: 1455.8544 | AE101: 1496.7953 | AF101: 896.67078 | AG101: 577.90233 | AH101: 876.80093 | AI101: 1177.3762 | AJ101: 772.62185 | AK101: 922.59668 | AL101: 1130.9548 | AM101: 1407.8064 | AN101: 1064.3133 | AO101: 547.72218 | AP101: 627.75212 | AQ101: 805.37958 | AR101: 285.9857 | AS101: 285.9857 | AT101: 0 | AU101: 0 | AV101: 0 | AW101: 0 | AZ101: =1/1000000 -> 1e-06 | BA101: =+AZ101*AS101 -> 0.0002859857
A102: Transportation | B102: ch4 | C102: emission_co2e_ch4_trns_road_heavy_freight|emission_co2e_ch4_trns_road_heavy_regional|emission_co2e_ch4_trns_public | D102: :math:\text{CH}_4 Emissions from Transportation | E102: 1 | F102: MT | G102: co2e | H102: Mobile Combustion | I102: CH4 Emissions from Mobile Sources (MTCO2E) | J102: Gasoline Highway|Diesel Highway|Alternative Fuel Vehicles | K102: Heavy-Duty Vehicles|Heavy-Duty Buses|Heavy Duty Vehicles|Buses | L102: 61|66|67|77|78 | N102: 6646.5295 | O102: 6404.5402 | P102: 5689.6138 | Q102: 5815.3794 | R102: 5903.2955 | S102: 5809.5671 | T102: 5345.7578 | U102: 4870.2167 | V102: 4515.6155 | W102: 4172.9117 | X102: 3457.4071 | Y102: 2724.6139 | Z102: 2686.2336 | AA102: 2578.8113 | AB102: 2436.1877 | AC102: 2246.8192 | AD102: 1028.3455 | AE102: 1197.638 | AF102: 1284.4545 | AG102: 1627.864 | AH102: 1578.5889 | AI102: 1584.2814 | AJ102: 1626.5991 | AK102: 1699.3676 | AL102: 1776.5537 | AM102: 1746.3343 | AN102: 2410.0425 | AO102: 2391.0524 | AP102: 2474.52 | AQ102: 2587.5681 | AR102: 2044.3732 | AS102: 2650.1892 | AT102: 0 | AU102: 0 | AV102: 0 | AW102: 0 | AZ102: =1/1000000 -> 1e-06 | BA102: =+AZ102*AS102 -> 0.0026501892
...

Sheet Equivalence Factor
A1: subsector | B1: gas | C1: variable_field | D1: variables | E1: accounted | F1: sit_units | G1: sit_gas_measure | H1: sit_sheet | I1: sit_sections | J1: sit_subsections | K1: sit_categories | L1: MTCO2e:factor
A2: Agriculture | B2: ch4 | C2: emission_co2e_ch4_agrc_anaerobicdom_rice | D2: :math:\text{CH}_4 Emissions from Manure Management | E2: 1 | F2: MMT | G2: ch4 | H2: Agriculture | I2: Emissions by Gas (MMTCH4 or MMTN2O) | J2: Methane | K2: Rice Cultivation | L2: 28
A3: Agriculture | B3: ch4 | C3: emission_co2e_ch4_agrc_biomass_burning | D3: :math:\text{CH}_4 Emissions from Biomass Burning | E3: 1 | F3: MMT | G3: ch4 | H3: Agriculture | I3: Emissions by Gas (MMTCH4 or MMTN2O) | J3: Methane | K3: Burning of Agricultural Crop Waste | L3: 28
A4: Agriculture | B4: n2o | C4: emission_co2e_n2o_agrc_biomass_burning | D4: :math:\text{N}_2\text{O} Emissions from Biomass Burning | E4: 1 | F4: MMT | G4: n2o | H4: Agriculture | I4: Emissions by Gas (MMTCH4 or MMTN2O) | J4: Nitrous Oxide | K4: Burning of Agricultural Crop Waste | L4: 265
A5: Agriculture | B5: co2 | C5: emission_co2e_co2_agrc_biomass_bevs_and_spices | D5: :math:\text{CO}_2 Emissions from Biomass Carbon Stock Changes | E5: 0 | F5: NA | G5: NA | H5: NA | I5: NA | J5: NA | K5: NA
A6: Agriculture | B6: co2 | C6: emission_co2e_co2_agrc_biomass_fruits | D6: :math:\text{CO}_2 Emissions from Biomass Carbon Stock Changes | E6: 0 | F6: NA | G6: NA | H6: NA | I6: NA | J6: NA | K6: NA
A7: Agriculture | B7: co2 | C7: emission_co2e_co2_agrc_biomass_nuts | D7: :math:\text{CO}_2 Emissions from Biomass Carbon Stock Changes | E7: 0 | F7: NA | G7: NA | H7: NA | I7: NA | J7: NA | K7: NA
A8: Agriculture | B8: co2 | C8: emission_co2e_co2_agrc_biomass_other_woody_perennial | D8: :math:\text{CO}_2 Emissions from Biomass Carbon Stock Changes | E8: 0 | F8: NA | G8: NA | H8: NA | I8: NA | J8: NA | K8: NA
A9: Agriculture | B9: co2 | C9: emission_co2e_co2_agrc_soil_carbon_organic_soils | D9: :math:\text{CO}_2 Emissions from Soil Carbon in Organic Soils | E9: 0 | F9: NA | G9: NA | H9: NA | I9: NA | J9: NA | K9: NA
A10: Agriculture|Soil Management | B10: n2o | C10: emission_co2e_n2o_agrc_crop_residues | D10: :math:\text{N}_2\text{O} Emissions from Crop Residues | E10: 1 | F10: MT | G10: n2o | H10: Agriculture | I10: Nitrous Oxide Emissions from Agricultural Soil Management (Metric Tons N2O) | J10: Direct | K10: Crop Residues | L10: 0.000265
A11: Carbon Capture and Sequestration | B11: ch4 | C11: emission_co2e_ch4_ccsq_direct_air_capture | D11: :math:\text{CH}_4 Emissions from CCSQ | E11: 0 | F11: NA | G11: NA | H11: NA | I11: NA | J11: NA | K11: NA
A12: Carbon Capture and Sequestration | B12: co2 | C12: emission_co2e_co2_ccsq_direct_air_capture | D12: :math:\text{CO}_2 Emissions from CCSQ | E12: 0 | F12: NA | G12: NA | H12: NA | I12: NA | J12: NA | K12: NA
A13: Carbon Capture and Sequestration | B13: n2o | C13: emission_co2e_n2o_ccsq_direct_air_capture | D13: :math:\text{N}_2\text{O} Emissions from CCSQ | E13: 0 | F13: NA | G13: NA | H13: NA | I13: NA | J13: NA | K13: NA
A14: Energy Technology | B14: co2 | C14: emission_co2e_co2_entc_generation_pp_biogas|emission_co2e_co2_entc_generation_pp_biomass|emission_co2e_co2_entc_generation_pp_geothermal|emission_co2e_co2_entc_generation_pp_hydropower|emission_co2e_co2_entc_generation_pp_nuclear|emission_co2e_co2_entc_generation_pp_ocean|emission_co2e_co2_entc_generation_pp_solar|emission_co2e_co2_entc_generation_pp_waste_incineration|emission_co2e_co2_entc_generation_pp_wind | D14: NemoMod :math:\text{CO}_2 Emissions from Electricity Generation | E14: 1 | F14: MMT | G14: co2e | H14: CO2FFC | I14: Emissions (MMTCO2 Eq.) | J14: Electric Utilities | K14: Other | L14: 1
A15: Energy Technology | B15: co2 | C15: emission_co2e_co2_entc_generation_pp_coal|emission_co2e_co2_entc_generation_pp_coal_ccs | D15: NemoMod :math:\text{CO}_2 Emissions from Electricity Generation | E15: 1 | F15: MMT | G15: co2e | H15: CO2FFC | I15: Emissions (MMTCO2 Eq.) | J15: Electric Utilities | K15: Coal | L15: 1
A16: Energy Technology | B16: co2 | C16: emission_co2e_co2_entc_generation_pp_gas|emission_co2e_co2_entc_generation_pp_gas_ccs | D16: NemoMod :math:\text{CO}_2 Emissions from Electricity Generation | E16: 1 | F16: MMT | G16: co2e | H16: CO2FFC | I16: Emissions (MMTCO2 Eq.) | J16: Electric Utilities | K16: Natural Gas | L16: 1
A17: Energy Technology | B17: co2 | C17: emission_co2e_co2_entc_generation_pp_oil | D17: NemoMod :math:\text{CO}_2 Emissions from Electricity Generation | E17: 1 | F17: MMT | G17: co2e | H17: CO2FFC | I17: Emissions (MMTCO2 Eq.) | J17: Electric Utilities | K17: Petroleum | L17: 1
A18: Energy Technology | B18: co2 | C18: emission_co2e_co2_entc_processing_and_refinement_fp_ammonia_production | D18: NemoMod :math:\text{CO}_2 Emissions from Fuel Processing and Refinement | E18: 1 | F18: MT | G18: co2e | H18: IP | I18: Emissions (MTCO2 Eq.) | J18: Carbon Dioxide Emissions | K18: Aluminum Production, CO2 | L18: 1e-06
A19: Energy Technology | B19: co2 | C19: emission_co2e_co2_entc_fuel_mining_and_extraction_me_coal | D19: NemoMod :math:\text{CO}_2 Emissions from Fuel Mining and Extraction | E19: 0 | F19: NA | G19: NA | H19: NA | I19: NA | J19: NA | K19: NA
A20: Energy Technology | B20: co2 | C20: emission_co2e_co2_entc_fuel_mining_and_extraction_me_crude | D20: NemoMod :math:\text{CO}_2 Emissions from Fuel Mining and Extraction | E20: 0 | F20: NA | G20: NA | H20: NA | I20: NA | J20: NA | K20: NA
A21: Energy Technology | B21: co2 | C21: emission_co2e_co2_entc_processing_and_refinement_fp_natural_gas | D21: NemoMod :math:\text{CO}_2 Emissions from Fuel Processing and Refinement | E21: 0 | F21: NA | G21: NA | H21: NA | I21: NA | J21: NA | K21: NA
A22: Energy Technology | B22: co2 | C22: emission_co2e_co2_entc_processing_and_refinement_fp_petroleum_refinement | D22: NemoMod :math:\text{CO}_2 Emissions from Fuel Processing and Refinement | E22: 0 | F22: NA | G22: NA | H22: NA | I22: NA | J22: NA | K22: NA
A23: Energy Technology | B23: n2o | C23: emission_co2e_n2o_entc_fuel_mining_and_extraction_me_coal | D23: NemoMod :math:\text{N}_2\text{O} Emissions from Fuel Mining and Extraction | E23: 0 | F23: NA | G23: NA | H23: NA | I23: NA | J23: NA | K23: NA
A24: Energy Technology | B24: n2o | C24: emission_co2e_n2o_entc_fuel_mining_and_extraction_me_crude | D24: NemoMod :math:\text{N}_2\text{O} Emissions from Fuel Mining and Extraction | E24: 0 | F24: NA | G24: NA | H24: NA | I24: NA | J24: NA | K24: NA
A25: Energy Technology | B25: n2o | C25: emission_co2e_n2o_entc_fuel_mining_and_extraction_me_natural_gas | D25: NemoMod :math:\text{N}_2\text{O} Emissions from Fuel Mining and Extraction | E25: 0 | F25: NA | G25: NA | H25: NA | I25: NA | J25: NA | K25: NA
A26: Energy Technology | B26: n2o | C26: emission_co2e_n2o_entc_processing_and_refinement_fp_natural_gas | D26: NemoMod :math:\text{N}_2\text{O} Emissions from Fuel Processing and Refinement | E26: 0 | F26: NA | G26: NA | H26: NA | I26: NA | J26: NA | K26: NA
A27: Energy Technology | B27: n2o | C27: emission_co2e_n2o_entc_processing_and_refinement_fp_petroleum_refinement | D27: NemoMod :math:\text{N}_2\text{O} Emissions from Fuel Processing and Refinement | E27: 0 | F27: NA | G27: NA | H27: NA | I27: NA | J27: NA | K27: NA
A28: Energy Technology | B28: ch4 | C28: emission_co2e_ch4_entc_generation_pp_biogas|emission_co2e_ch4_entc_generation_pp_biomass|emission_co2e_ch4_entc_generation_pp_coal|emission_co2e_ch4_entc_generation_pp_coal_ccs|emission_co2e_ch4_entc_generation_pp_gas|emission_co2e_ch4_entc_generation_pp_gas_ccs|emission_co2e_ch4_entc_generation_pp_geothermal|emission_co2e_ch4_entc_generation_pp_hydropower|emission_co2e_ch4_entc_generation_pp_nuclear|emission_co2e_ch4_entc_generation_pp_ocean|emission_co2e_ch4_entc_generation_pp_oil|emission_co2e_ch4_entc_generation_pp_solar|emission_co2e_ch4_entc_generation_pp_waste_incineration|emission_co2e_ch4_entc_generation_pp_wind | D28: NemoMod :math:\text{CH}_4 Emissions from Electricity Generation | E28: 1 | F28: MMT | G28: co2e | H28: Stationary | I28: Emissions (MMTCO2 Eq.) | J28: Electric Utilities | K28: CH4 | L28: 1
A29: Energy Technology | B29: n2o | C29: emission_co2e_n2o_entc_generation_pp_biogas|emission_co2e_n2o_entc_generation_pp_biomass|emission_co2e_n2o_entc_generation_pp_coal|emission_co2e_n2o_entc_generation_pp_coal_ccs|emission_co2e_n2o_entc_generation_pp_gas|emission_co2e_n2o_entc_generation_pp_gas_ccs|emission_co2e_n2o_entc_generation_pp_geothermal|emission_co2e_n2o_entc_generation_pp_hydropower|emission_co2e_n2o_entc_generation_pp_nuclear|emission_co2e_n2o_entc_generation_pp_ocean|emission_co2e_n2o_entc_generation_pp_oil|emission_co2e_n2o_entc_generation_pp_solar|emission_co2e_n2o_entc_generation_pp_waste_incineration|emission_co2e_n2o_entc_generation_pp_wind | D29: NemoMod :math:\text{N}_2\text{O} Emissions from Electricity Generation | E29: 1 | F29: MMT | G29: co2e | H29: Stationary | I29: Emissions (MMTCO2 Eq.) | J29: Electric Utilities | K29: N2O | L29: 1
A30: Energy Technology|Fugitive Emissions | B30: ch4 | C30: emission_co2e_ch4_entc_fuel_mining_and_extraction_me_coal|emission_co2e_ch4_fgtv_fuel_coal | D30: :math:\text{CH}_4 Fugitive Emissions|NemoMod :math:\text{CH}_4 Emissions from Fuel Mining and Extraction | E30: 1 | F30: MT | G30: ch4 | H30: Coal | I30: Emissions (MTCO2E) | J30: Coal Mining | L30: 2.8e-05
A31: Energy Technology|Fugitive Emissions | B31: ch4 | C31: emission_co2e_ch4_entc_fuel_mining_and_extraction_me_crude|emission_co2e_ch4_entc_processing_and_refinement_fp_petroleum_refinement|emission_co2e_ch4_fgtv_fuel_oil | D31: :math:\text{CH}_4 Fugitive Emissions|NemoMod :math:\text{CH}_4 Emissions from Fuel Mining and Extraction|NemoMod :math:\text{CH}_4 Emissions from Fuel Processing and Refinement | E31: 1 | F31: MT | G31: ch4 | H31: Gas and Oil | I31: Emissions (MMTCO2 Eq.) | J31: Oil | L31: 2.8e-05
A32: Energy Technology|Fugitive Emissions | B32: ch4 | C32: emission_co2e_ch4_entc_fuel_mining_and_extraction_me_natural_gas|emission_co2e_ch4_entc_processing_and_refinement_fp_natural_gas|emission_co2e_ch4_fgtv_fuel_natural_gas | D32: :math:\text{CH}_4 Fugitive Emissions|NemoMod :math:\text{CH}_4 Emissions from Fuel Mining and Extraction|NemoMod :math:\text{CH}_4 Emissions from Fuel Processing and Refinement | E32: 1 | F32: MT | G32: ch4 | H32: Gas and Oil | I32: Emissions by Gas (MTCH4) | J32: Natural Gas | L32: 2.8e-05
A33: Energy Technology|Fugitive Emissions | B33: co2 | C33: emission_co2e_co2_entc_fuel_mining_and_extraction_me_natural_gas|emission_co2e_co2_fgtv_fuel_natural_gas | D33: :math:\text{CO}_2 Fugitive Emissions|NemoMod :math:\text{CO}_2 Emissions from Fuel Mining and Extraction | E33: 1 | F33: MMT | G33: co2e | H33: Gas and Oil | I33: Emissions (MMTCO2 Eq.) | J33: Natural Gas | L33: 1
A34: Energy Technology|Industrial Energy | B34: co2 | C34: emission_co2e_co2_entc_processing_and_refinement_fp_hydrogen_electrolysis|emission_co2e_co2_entc_processing_and_refinement_fp_hydrogen_gasification|emission_co2e_co2_entc_processing_and_refinement_fp_hydrogen_reformation|emission_co2e_co2_entc_processing_and_refinement_fp_hydrogen_reformation_ccs|emission_co2e_co2_inen_agriculture_and_livestock|emission_co2e_co2_inen_cement|emission_co2e_co2_inen_chemicals|emission_co2e_co2_inen_electronics|emission_co2e_co2_inen_glass|emission_co2e_co2_inen_lime_and_carbonite|emission_co2e_co2_inen_metals|emission_co2e_co2_inen_mining|emission_co2e_co2_inen_other_product_manufacturing|emission_co2e_co2_inen_paper|emission_co2e_co2_inen_plastic|emission_co2e_co2_inen_recycled_glass|emission_co2e_co2_inen_recycled_metals|emission_co2e_co2_inen_recycled_paper|emission_co2e_co2_inen_recycled_plastic|emission_co2e_co2_inen_recycled_rubber_and_leather|emission_co2e_co2_inen_recycled_textiles|emission_co2e_co2_inen_recycled_wood|emission_co2e_co2_inen_rubber_and_leather|emission_co2e_co2_inen_textiles | D34: :math:\text{CO}_2 Emissions from Industrial Energy|NemoMod :math:\text{CO}_2 Emissions from Fuel Processing and Refinement | E34: 1 | F34: MMT | G34: co2e | H34: CO2FFC | I34: Emissions (MMTCO2 Eq.) | J34: Industrial | K34: Coal|Natural Gas|Other|Petroleum | L34: 1
A35: Energy Technology|Industrial Energy | B35: ch4 | C35: emission_co2e_ch4_entc_processing_and_refinement_fp_ammonia_production|emission_co2e_ch4_entc_processing_and_refinement_fp_hydrogen_electrolysis|emission_co2e_ch4_entc_processing_and_refinement_fp_hydrogen_gasification|emission_co2e_ch4_entc_processing_and_refinement_fp_hydrogen_reformation|emission_co2e_ch4_entc_processing_and_refinement_fp_hydrogen_reformation_ccs emission_co2e_ch4_inen_agriculture_and_livestock|emission_co2e_ch4_inen_cement|emission_co2e_ch4_inen_chemicals|emission_co2e_ch4_inen_electronics|emission_co2e_ch4_inen_glass|emission_co2e_ch4_inen_lime_and_carbonite|emission_co2e_ch4_inen_metals|emission_co2e_ch4_inen_mining|emission_co2e_ch4_inen_other_product_manufacturing|emission_co2e_ch4_inen_paper|emission_co2e_ch4_inen_plastic|emission_co2e_ch4_inen_recycled_glass|emission_co2e_ch4_inen_recycled_metals|emission_co2e_ch4_inen_recycled_paper|emission_co2e_ch4_inen_recycled_plastic|emission_co2e_ch4_inen_recycled_rubber_and_leather|emission_co2e_ch4_inen_recycled_textiles|emission_co2e_ch4_inen_recycled_wood|emission_co2e_ch4_inen_rubber_and_leather|emission_co2e_ch4_inen_textiles | D35: :math:\text{CH}_4 Emissions from Industrial Energy|NemoMod :math:\text{CH}_4 Emissions from Fuel Processing and Refinement | E35: 1 | F35: MMT | G35: co2e | H35: Stationary | I35: Emissions (MMTCO2 Eq.) | K35: CH4 | L35: 1
A36: Energy Technology|Industrial Energy | B36: n2o | C36: emission_co2e_n2o_entc_processing_and_refinement_fp_ammonia_production|emission_co2e_n2o_entc_processing_and_refinement_fp_hydrogen_electrolysis|emission_co2e_n2o_entc_processing_and_refinement_fp_hydrogen_gasification|emission_co2e_n2o_entc_processing_and_refinement_fp_hydrogen_reformation|emission_co2e_n2o_entc_processing_and_refinement_fp_hydrogen_reformation_ccs|emission_co2e_n2o_inen_agriculture_and_livestock|emission_co2e_n2o_inen_cement|emission_co2e_n2o_inen_chemicals|emission_co2e_n2o_inen_electronics|emission_co2e_n2o_inen_glass|emission_co2e_n2o_inen_lime_and_carbonite|emission_co2e_n2o_inen_metals|emission_co2e_n2o_inen_mining|emission_co2e_n2o_inen_other_product_manufacturing|emission_co2e_n2o_inen_paper|emission_co2e_n2o_inen_plastic|emission_co2e_n2o_inen_recycled_glass|emission_co2e_n2o_inen_recycled_metals|emission_co2e_n2o_inen_recycled_paper|emission_co2e_n2o_inen_recycled_plastic|emission_co2e_n2o_inen_recycled_rubber_and_leather|emission_co2e_n2o_inen_recycled_textiles|emission_co2e_n2o_inen_recycled_wood|emission_co2e_n2o_inen_rubber_and_leather|emission_co2e_n2o_inen_textiles | D36: :math:\text{N}_2\text{O} Emissions from Industrial Energy|NemoMod :math:\text{N}_2\text{O} Emissions from Fuel Processing and Refinement | E36: 1 | F36: MMT | G36: co2e | H36: Stationary | I36: Emissions (MMTCO2 Eq.) | K36: N2O | L36: 1
A37: Forest | B37: co2 | C37: emission_co2e_co2_frst_harvested_wood_products | D37: :math:\text{CO}_2 Emissions from Harvested Wood Products | E37: 1 | F37: MMT | G37: co2e | H37: Forest Management | I37: Emissions (MMTCO2E) | J37: Forest Land Remaining Forest Land | K37: Total wood products and landfills | L37: 1
A38: Forest | B38: co2 | C38: emission_co2e_co2_frst_sequestration_mangroves|emission_co2e_co2_frst_sequestration_primary|emission_co2e_co2_frst_sequestration_secondary | D38: :math:\text{CO}_2 Emissions from Forest Biomass Sequestration | E38: 1 | F38: MMT | G38: co2e | H38: Forest Management | I38: Emissions (MMTCO2E) | J38: Forest Land Remaining Forest Land | K38: Aboveground Biomass|Belowground Biomass|Deadwood|Litter | L38: 1
A39: Forest | B39: ch4 | C39: emission_co2e_ch4_frst_methane_mangroves | D39: :math:\text{CH}_4 Emissions from Forests | E39: 0 | F39: NA | G39: NA | H39: NA | I39: NA | J39: NA | K39: NA
A40: Forest | B40: ch4 | C40: emission_co2e_ch4_frst_methane_primary | D40: :math:\text{CH}_4 Emissions from Forests | E40: 0 | F40: NA | G40: NA | H40: NA | I40: NA | J40: NA | K40: NA
A41: Forest | B41: ch4 | C41: emission_co2e_ch4_frst_methane_secondary | D41: :math:\text{CH}_4 Emissions from Forests | E41: 0 | F41: NA | G41: NA | H41: NA | I41: NA | J41: NA | K41: NA
A42: Forest | B42: co2 | C42: emission_co2e_co2_frst_forest_fires | D42: :math:\text{CO}_2 Emissions from Forest Fires | E42: 0 | F42: NA | G42: NA | H42: NA | I42: NA | J42: NA | K42: NA
A43: Fugitive Emissions | B43: co2 | C43: emission_co2e_co2_fgtv_fuel_coal | D43: :math:\text{CO}_2 Fugitive Emissions | E43: 0 | F43: NA | G43: NA | H43: NA | I43: NA | J43: NA | K43: NA
A44: Fugitive Emissions | B44: co2 | C44: emission_co2e_co2_fgtv_fuel_natural_gas | D44: :math:\text{CO}_2 Fugitive Emissions | E44: 0 | F44: NA | G44: NA | H44: NA | I44: NA | J44: NA | K44: NA
A45: Fugitive Emissions | B45: co2 | C45: emission_co2e_co2_fgtv_fuel_oil | D45: :math:\text{CO}_2 Fugitive Emissions | E45: 0 | F45: NA | G45: NA | H45: NA | I45: NA | J45: NA | K45: NA
A46: Fugitive Emissions | B46: n2o | C46: emission_co2e_n2o_fgtv_fuel_coal | D46: :math:\text{N}_2\text{O} Fugitive Emissions | E46: 0 | F46: NA | G46: NA | H46: NA | I46: NA | J46: NA | K46: NA
A47: Fugitive Emissions | B47: n2o | C47: emission_co2e_n2o_fgtv_fuel_natural_gas | D47: :math:\text{N}_2\text{O} Fugitive Emissions | E47: 0 | F47: NA | G47: NA | H47: NA | I47: NA | J47: NA | K47: NA
A48: Fugitive Emissions | B48: n2o | C48: emission_co2e_n2o_fgtv_fuel_oil | D48: :math:\text{N}_2\text{O} Fugitive Emissions | E48: 0 | F48: NA | G48: NA | H48: NA | I48: NA | J48: NA | K48: NA
A49: IPPU | B49: c2f6|c2h3f3|c2hf5|c3f8|c3h2f6|c3h3f5|c3hf7|c4f10|c4f6|c4h5f5|c5f12|c5f8|c5h2f10|c6f14|cc4f8|cf4|ch2f2|ch2fchf2|ch3cci2f|ch3ccif2|ch3chf2|ch3f|chf2cf3|chf2chf2|chf3|nf3|sf6|sf6 | C49: emission_co2e_c2f6_ippu_product_use_product_use_ods_other|emission_co2e_c2f6_ippu_production_chemicals|emission_co2e_c2f6_ippu_production_electronics|emission_co2e_c2f6_ippu_production_metals|emission_co2e_c2h3f3_ippu_product_use_product_use_ods_refrigeration|emission_co2e_c2h3f3_ippu_production_chemicals|emission_co2e_c2hf5_ippu_product_use_product_use_ods_other|emission_co2e_c2hf5_ippu_product_use_product_use_ods_refrigeration|emission_co2e_c2hf5_ippu_production_chemicals|emission_co2e_c3f8_ippu_production_chemicals|emission_co2e_c3f8_ippu_production_electronics|emission_co2e_c3h2f6_ippu_product_use_product_use_ods_other|emission_co2e_c3h2f6_ippu_product_use_product_use_ods_refrigeration|emission_co2e_c3h3f5_ippu_product_use_product_use_ods_other|emission_co2e_c3h3f5_ippu_product_use_product_use_ods_refrigeration|emission_co2e_c3hf7_ippu_product_use_product_use_ods_other|emission_co2e_c3hf7_ippu_product_use_product_use_ods_refrigeration|emission_co2e_c3hf7_ippu_production_chemicals|emission_co2e_c4f10_ippu_product_use_product_use_ods_other|emission_co2e_c4f10_ippu_production_chemicals|emission_co2e_c4f6_ippu_production_electronics|emission_co2e_c4h5f5_ippu_product_use_product_use_ods_other|emission_co2e_c4h5f5_ippu_production_chemicals|emission_co2e_c5f12_ippu_production_chemicals|emission_co2e_c5f8_ippu_production_electronics|emission_co2e_c5h2f10_ippu_product_use_product_use_ods_other|emission_co2e_c6f14_ippu_product_use_product_use_ods_other|emission_co2e_c6f14_ippu_production_chemicals|emission_co2e_cc4f8_ippu_production_chemicals|emission_co2e_cc4f8_ippu_production_electronics|emission_co2e_cf4_ippu_product_use_product_use_ods_other|emission_co2e_cf4_ippu_production_chemicals|emission_co2e_cf4_ippu_production_electronics|emission_co2e_cf4_ippu_production_metals|emission_co2e_ch2f2_ippu_product_use_product_use_ods_refrigeration|emission_co2e_ch2f2_ippu_production_chemicals|emission_co2e_ch2f2_ippu_production_electronics|emission_co2e_ch2fchf2_ippu_product_use_product_use_ods_other|emission_co2e_ch3cci2f_ippu_product_use_product_use_ods_other|emission_co2e_ch3ccif2_ippu_product_use_product_use_ods_other|emission_co2e_ch3chf2_ippu_product_use_product_use_ods_other|emission_co2e_ch3chf2_ippu_product_use_product_use_ods_refrigeration|emission_co2e_ch3chf2_ippu_production_chemicals|emission_co2e_ch3f_ippu_production_electronics|emission_co2e_chf2cf3_ippu_product_use_product_use_ods_other|emission_co2e_chf2cf3_ippu_product_use_product_use_ods_refrigeration|emission_co2e_chf2cf3_ippu_production_chemicals|emission_co2e_chf2chf2_ippu_product_use_product_use_ods_other|emission_co2e_chf3_ippu_product_use_product_use_ods_other|emission_co2e_chf3_ippu_product_use_product_use_ods_refrigeration|emission_co2e_chf3_ippu_production_chemicals|emission_co2e_chf3_ippu_production_electronics|emission_co2e_nf3_ippu_production_chemicals|emission_co2e_nf3_ippu_production_electronics|emission_co2e_sf6_ippu_production_chemicals|emission_co2e_sf6_ippu_production_electronics|emission_co2e_sf6_ippu_production_metals|emission_co2e_sf6_ippu_production_other_product_manufacturing | D49: :math:\text{NF}_3 Emissions from Industrial Production Processes|:math:\text{SF}_6 Emissions from Industrial Production Processes|Dodecafluoropentane Emissions from Industrial Production Processes|HCFC-141b Emissions from Industrial Product Use|HCFC-142b Emissions from Industrial Product Use|HFC-125 Emissions from Industrial Product Use|HFC-125 Emissions from Industrial Production Processes|HFC-134 Emissions from Industrial Product Use|HFC-134a Emissions from Industrial Product Use|HFC-134a Emissions from Industrial Production Processes|HFC-143 Emissions from Industrial Product Use|HFC-143a Emissions from Industrial Product Use|HFC-143a Emissions from Industrial Production Processes|HFC-152a Emissions from Industrial Product Use|HFC-152a Emissions from Industrial Production Processes|HFC-227ea Emissions from Industrial Product Use|HFC-227ea Emissions from Industrial Production Processes|HFC-23 Emissions from Industrial Product Use|HFC-23 Emissions from Industrial Production Processes|HFC-236fa Emissions from Industrial Product Use|HFC-245fa Emissions from Industrial Product Use|HFC-32 Emissions from Industrial Product Use|HFC-32 Emissions from Industrial Production Processes|HFC-365mfc Emissions from Industrial Product Use|HFC-365mfc Emissions from Industrial Production Processes|HFC-41 Emissions from Industrial Production Processes|HFC-43-10mee Emissions from Industrial Product Use|PFC-1114 Emissions from Industrial Production Processes|PFC-116 Emissions from Industrial Product Use|PFC-116 Emissions from Industrial Production Processes|PFC-14 Emissions from Industrial Product Use|PFC-14 Emissions from Industrial Production Processes|PFC-1418 Emissions from Industrial Production Processes|PFC-218 Emissions from Industrial Production Processes|PFC-31-10 Emissions from Industrial Product Use|PFC-31-10 Emissions from Industrial Production Processes|PFC-318 Emissions from Industrial Production Processes|PFC-51-14 Emissions from Industrial Product Use|PFC-51-14 Emissions from Industrial Production Processes | E49: 1 | F49: MT | G49: co2e | H49: IP | I49: Emissions (MTCO2 Eq.) | J49: HFC, PFC, SF6 and NF3 Emissions | K49: ODS Substitutes|Semiconductor Manufacturing|Magnesium Production|Electric Power Transmission and Distribution Systems|HCFC-22 Production|Aluminum Production, PFCs | L49: 1e-06
A50: IPPU | B50: co2 | C50: emission_co2e_co2_ippu_production_cement | D50: :math:\text{CO}_2 Emissions from Industrial Production Processes | E50: 1 | F50: MT | G50: co2e | H50: IP | I50: Emissions (MTCO2 Eq.) | J50: Carbon Dioxide Emissions | K50: Cement Manufacture | L50: 1e-06
A51: IPPU | B51: co2 | C51: emission_co2e_co2_ippu_production_glass | D51: :math:\text{CO}_2 Emissions from Industrial Production Processes | E51: 1 | F51: MT | G51: co2e | H51: IP | I51: Emissions (MTCO2 Eq.) | J51: Carbon Dioxide Emissions | K51: Soda Ash | L51: 1e-06
A52: IPPU | B52: co2 | C52: emission_co2e_co2_ippu_production_lime_and_carbonite | D52: :math:\text{CO}_2 Emissions from Industrial Production Processes | E52: 1 | F52: MT | G52: co2e | H52: IP | I52: Emissions (MTCO2 Eq.) | J52: Carbon Dioxide Emissions | K52: Lime Manufacture | L52: 1e-06
A53: IPPU | B53: co2 | C53: emission_co2e_co2_ippu_production_metals | D53: :math:\text{CO}_2 Emissions from Industrial Production Processes | E53: 1 | F53: MT | G53: co2e | H53: IP | I53: Emissions (MTCO2 Eq.) | J53: Carbon Dioxide Emissions | K53: Aluminum Production, CO2|Iron & Steel Production | L53: 1e-06
A54: IPPU | B54: n2o | C54: emission_co2e_n2o_ippu_production_chemicals | D54: :math:\text{N}_2\text{O} Emissions from Industrial Production Processes | E54: 1 | F54: MT | G54: co2e | H54: IP | I54: Emissions (MTCO2 Eq.) | J54: Carbon Dioxide Emissions | K54: Nitric Acid Production|Adipic Acid Production | L54: 1e-06
A55: IPPU | B55: ch4 | C55: emission_co2e_ch4_ippu_production_chemicals | D55: :math:\text{CH}_4 Emissions from Industrial Production Processes | E55: 0 | F55: NA | G55: NA | H55: NA | I55: NA | J55: NA | K55: NA
A56: IPPU | B56: ch4 | C56: emission_co2e_ch4_ippu_production_metals | D56: :math:\text{CH}_4 Emissions from Industrial Production Processes | E56: 0 | F56: NA | G56: NA | H56: NA | I56: NA | J56: NA | K56: NA
A57: IPPU | B57: ch4 | C57: emission_co2e_ch4_ippu_production_paper | D57: :math:\text{CH}_4 Emissions from Industrial Production Processes | E57: 0 | F57: NA | G57: NA | H57: NA | I57: NA | J57: NA | K57: NA
A58: IPPU | B58: ch4 | C58: emission_co2e_ch4_ippu_production_plastic | D58: :math:\text{CH}_4 Emissions from Industrial Production Processes | E58: 0 | F58: NA | G58: NA | H58: NA | I58: NA | J58: NA | K58: NA
A59: IPPU | B59: co2 | C59: emission_co2e_co2_ippu_product_use_product_use_lubricants | D59: :math:\text{CO}_2 Emissions from Industrial Product Use | E59: 0 | F59: NA | G59: NA | H59: NA | I59: NA | J59: NA | K59: NA
A60: IPPU | B60: co2 | C60: emission_co2e_co2_ippu_product_use_product_use_other | D60: :math:\text{CO}_2 Emissions from Industrial Product Use | E60: 0 | F60: NA | G60: NA | H60: NA | I60: NA | J60: NA | K60: NA
A61: IPPU | B61: co2 | C61: emission_co2e_co2_ippu_product_use_product_use_paraffin_wax | D61: :math:\text{CO}_2 Emissions from Industrial Product Use | E61: 0 | F61: NA | G61: NA | H61: NA | I61: NA | J61: NA | K61: NA
A62: IPPU | B62: co2 | C62: emission_co2e_co2_ippu_production_chemicals | D62: :math:\text{CO}_2 Emissions from Industrial Production Processes | E62: 0 | F62: NA | G62: NA | H62: NA | I62: NA | J62: NA | K62: NA
A63: IPPU | B63: co2 | C63: emission_co2e_co2_ippu_production_paper | D63: :math:\text{CO}_2 Emissions from Industrial Production Processes | E63: 0 | F63: NA | G63: NA | H63: NA | I63: NA | J63: NA | K63: NA
A64: IPPU | B64: co2 | C64: emission_co2e_co2_ippu_production_plastic | D64: :math:\text{CO}_2 Emissions from Industrial Production Processes | E64: 0 | F64: NA | G64: NA | H64: NA | I64: NA | J64: NA | K64: NA
A65: IPPU | B65: co2 | C65: emission_co2e_co2_ippu_production_product_use_lubricants | D65: :math:\text{CO}_2 Emissions from Industrial Production Processes | E65: 0 | F65: NA | G65: NA | H65: NA | I65: NA | J65: NA | K65: NA
A66: IPPU | B66: co2 | C66: emission_co2e_co2_ippu_production_product_use_paraffin_wax | D66: :math:\text{CO}_2 Emissions from Industrial Production Processes | E66: 0 | F66: NA | G66: NA | H66: NA | I66: NA | J66: NA | K66: NA
... A69: IPPU | B69: n2o | C69: emission_co2e_n2o_ippu_production_plastic | D69: :math:\text{N}_2\text{O} Emissions from Industrial Production Processes | E69: 0 | F69: NA | G69: NA | H69: NA | I69: NA | J69: NA | K69: NA
A70: Land Use | B70: co2 | C70: emission_co2e_co2_lndu_biomass_sequestration_settlements | D70: :math:\text{CO}_2 Emissions from Land Use Biomass Sequestration | E70: 1 | F70: MMT | G70: co2e | H70: Forest Management | I70: Emissions (MMTCO2E) | J70: Urban Trees | L70: 1
A71: Land Use | B71: co2 | C71: emission_co2e_co2_lndu_conversion_forests_mangroves_to_croplands|emission_co2e_co2_lndu_conversion_forests_mangroves_to_flooded|emission_co2e_co2_lndu_conversion_forests_mangroves_to_grasslands|emission_co2e_co2_lndu_conversion_forests_mangroves_to_other|emission_co2e_co2_lndu_conversion_forests_mangroves_to_pastures|emission_co2e_co2_lndu_conversion_forests_mangroves_to_settlements|emission_co2e_co2_lndu_conversion_forests_mangroves_to_shrublands|emission_co2e_co2_lndu_conversion_forests_mangroves_to_wetlands|emission_co2e_co2_lndu_conversion_forests_primary_to_croplands|emission_co2e_co2_lndu_conversion_forests_primary_to_flooded|emission_co2e_co2_lndu_conversion_forests_primary_to_grasslands|emission_co2e_co2_lndu_conversion_forests_primary_to_other|emission_co2e_co2_lndu_conversion_forests_primary_to_pastures|emission_co2e_co2_lndu_conversion_forests_primary_to_settlements|emission_co2e_co2_lndu_conversion_forests_primary_to_shrublands|emission_co2e_co2_lndu_conversion_forests_primary_to_wetlands|emission_co2e_co2_lndu_conversion_forests_secondary_to_croplands|emission_co2e_co2_lndu_conversion_forests_secondary_to_flooded|emission_co2e_co2_lndu_conversion_forests_secondary_to_grasslands|emission_co2e_co2_lndu_conversion_forests_secondary_to_other|emission_co2e_co2_lndu_conversion_forests_secondary_to_pastures|emission_co2e_co2_lndu_conversion_forests_secondary_to_settlements|emission_co2e_co2_lndu_conversion_forests_secondary_to_shrublands|emission_co2e_co2_lndu_conversion_forests_secondary_to_wetlands | D71: :math:\text{CO}_2 Emissions from Land Use Conversion | E71: 1 | F71: MMT | G71: co2e | H71: Forest Management | I71: Emissions (MMTCO2E) | J71: Forest Land Converted to Land | K71: Aboveground Biomass|Belowground Biomass|Deadwood|Litter | L71: 1
A72: Land Use | B72: ch4 | C72: emission_co2e_ch4_lndu_wetlands | D72: :math:\text{CH}_4 Emissions from Wetlands | E72: 0 | F72: NA | G72: NA | H72: NA | I72: NA | J72: NA | K72: NA
A73: Land Use | B73: co2 | C73: emission_co2e_co2_lndu_biomass_sequestration_grasslands|emission_co2e_co2_lndu_biomass_sequestration_other|emission_co2e_co2_lndu_biomass_sequestration_pastures|emission_co2e_co2_lndu_biomass_sequestration_shrublands|emission_co2e_co2_lndu_biomass_sequestration_wetlands | D73: :math:\text{CO}_2 Emissions from Land Use Biomass Sequestration | E73: 0 | F73: NA | G73: NA | H73: NA | I73: NA | J73: NA | K73: NA
A74: Land Use | B74: co2 | C74: emission_co2e_co2_lndu_conversion_croplands_to_croplands|emission_co2e_co2_lndu_conversion_croplands_to_flooded|emission_co2e_co2_lndu_conversion_croplands_to_grasslands|emission_co2e_co2_lndu_conversion_croplands_to_other|emission_co2e_co2_lndu_conversion_croplands_to_pastures|emission_co2e_co2_lndu_conversion_croplands_to_settlements|emission_co2e_co2_lndu_conversion_croplands_to_shrublands|emission_co2e_co2_lndu_conversion_croplands_to_wetlands|emission_co2e_co2_lndu_conversion_flooded_to_croplands|emission_co2e_co2_lndu_conversion_flooded_to_flooded|emission_co2e_co2_lndu_conversion_flooded_to_grasslands|emission_co2e_co2_lndu_conversion_flooded_to_other|emission_co2e_co2_lndu_conversion_flooded_to_pastures|emission_co2e_co2_lndu_conversion_flooded_to_settlements|emission_co2e_co2_lndu_conversion_flooded_to_shrublands|emission_co2e_co2_lndu_conversion_flooded_to_wetlands|emission_co2e_co2_lndu_conversion_forests_mangroves_to_forests_mangroves|emission_co2e_co2_lndu_conversion_forests_mangroves_to_forests_primary|emission_co2e_co2_lndu_conversion_forests_mangroves_to_forests_secondary|emission_co2e_co2_lndu_conversion_forests_primary_to_forests_mangroves|emission_co2e_co2_lndu_conversion_forests_primary_to_forests_primary|emission_co2e_co2_lndu_conversion_forests_primary_to_forests_secondary|emission_co2e_co2_lndu_conversion_forests_secondary_to_forests_mangroves|emission_co2e_co2_lndu_conversion_forests_secondary_to_forests_primary|emission_co2e_co2_lndu_conversion_forests_secondary_to_forests_secondary|emission_co2e_co2_lndu_conversion_grasslands_to_croplands|emission_co2e_co2_lndu_conversion_grasslands_to_flooded|emission_co2e_co2_lndu_conversion_grasslands_to_grasslands|emission_co2e_co2_lndu_conversion_grasslands_to_other|emission_co2e_co2_lndu_conversion_grasslands_to_pastures|emission_co2e_co2_lndu_conversion_grasslands_to_settlements|emission_co2e_co2_lndu_conversion_grasslands_to_shrublands|emission_co2e_co2_lndu_conversion_grasslands_to_wetlands|emission_co2e_co2_lndu_conversion_other_to_croplands|emission_co2e_co2_lndu_conversion_other_to_flooded|emission_co2e_co2_lndu_conversion_other_to_grasslands|emission_co2e_co2_lndu_conversion_other_to_other|emission_co2e_co2_lndu_conversion_other_to_pastures|emission_co2e_co2_lndu_conversion_other_to_settlements|emission_co2e_co2_lndu_conversion_other_to_shrublands|emission_co2e_co2_lndu_conversion_other_to_wetlands|emission_co2e_co2_lndu_conversion_pastures_to_croplands|emission_co2e_co2_lndu_conversion_pastures_to_flooded|emission_co2e_co2_lndu_conversion_pastures_to_grasslands|emission_co2e_co2_lndu_conversion_pastures_to_other|emission_co2e_co2_lndu_conversion_pastures_to_pastures|emission_co2e_co2_lndu_conversion_pastures_to_settlements|emission_co2e_co2_lndu_conversion_pastures_to_shrublands|emission_co2e_co2_lndu_conversion_pastures_to_wetlands|emission_co2e_co2_lndu_conversion_settlements_to_croplands|emission_co2e_co2_lndu_conversion_settlements_to_flooded|emission_co2e_co2_lndu_conversion_settlements_to_grasslands|emission_co2e_co2_lndu_conversion_settlements_to_other|emission_co2e_co2_lndu_conversion_settlements_to_pastures|emission_co2e_co2_lndu_conversion_settlements_to_settlements|emission_co2e_co2_lndu_conversion_settlements_to_shrublands|emission_co2e_co2_lndu_conversion_settlements_to_wetlands|emission_co2e_co2_lndu_conversion_shrublands_to_croplands|emission_co2e_co2_lndu_conversion_shrublands_to_flooded|emission_co2e_co2_lndu_conversion_shrublands_to_grasslands|emission_co2e_co2_lndu_conversion_shrublands_to_other|emission_co2e_co2_lndu_conversion_shrublands_to_pastures|emission_co2e_co2_lndu_conversion_shrublands_to_settlements|emission_co2e_co2_lndu_conversion_shrublands_to_shrublands|emission_co2e_co2_lndu_conversion_shrublands_to_wetlands|emission_co2e_co2_lndu_conversion_wetlands_to_croplands|emission_co2e_co2_lndu_conversion_wetlands_to_flooded|emission_co2e_co2_lndu_conversion_wetlands_to_grasslands|emission_co2e_co2_lndu_conversion_wetlands_to_other|emission_co2e_co2_lndu_conversion_wetlands_to_pastures|emission_co2e_co2_lndu_conversion_wetlands_to_settlements|emission_co2e_co2_lndu_conversion_wetlands_to_shrublands|emission_co2e_co2_lndu_conversion_wetlands_to_wetlands | D74: :math:\text{CO}_2 Emissions from Land Use Conversion | E74: 0 | F74: NA | G74: NA | H74: NA | I74: NA | J74: NA | K74: NA
A75: Land Use | B75: co2 | C75: emission_co2e_co2_lndu_conversion_croplands_to_forests_mangroves|emission_co2e_co2_lndu_conversion_croplands_to_forests_primary|emission_co2e_co2_lndu_conversion_croplands_to_forests_secondary|emission_co2e_co2_lndu_conversion_flooded_to_forests_mangroves|emission_co2e_co2_lndu_conversion_flooded_to_forests_primary|emission_co2e_co2_lndu_conversion_flooded_to_forests_secondary|emission_co2e_co2_lndu_conversion_grasslands_to_forests_mangroves|emission_co2e_co2_lndu_conversion_grasslands_to_forests_primary|emission_co2e_co2_lndu_conversion_grasslands_to_forests_secondary|emission_co2e_co2_lndu_conversion_other_to_forests_mangroves|emission_co2e_co2_lndu_conversion_other_to_forests_primary|emission_co2e_co2_lndu_conversion_other_to_forests_secondary|emission_co2e_co2_lndu_conversion_pastures_to_forests_mangroves|emission_co2e_co2_lndu_conversion_pastures_to_forests_primary|emission_co2e_co2_lndu_conversion_pastures_to_forests_secondary|emission_co2e_co2_lndu_conversion_settlements_to_forests_mangroves|emission_co2e_co2_lndu_conversion_settlements_to_forests_primary|emission_co2e_co2_lndu_conversion_settlements_to_forests_secondary|emission_co2e_co2_lndu_conversion_shrublands_to_forests_mangroves|emission_co2e_co2_lndu_conversion_shrublands_to_forests_primary|emission_co2e_co2_lndu_conversion_shrublands_to_forests_secondary|emission_co2e_co2_lndu_conversion_wetlands_to_forests_mangroves|emission_co2e_co2_lndu_conversion_wetlands_to_forests_primary|emission_co2e_co2_lndu_conversion_wetlands_to_forests_secondary | D75: :math:\text{CO}_2 Emissions from Land Use Conversion | E75: 0 | F75: NA | G75: NA | H75: NA | I75: NA | J75: NA | K75: NA
A76: Livestock | B76: ch4 | C76: emission_co2e_ch4_lvst_entferm_buffalo|emission_co2e_ch4_lvst_entferm_cattle_dairy|emission_co2e_ch4_lvst_entferm_cattle_nondairy|emission_co2e_ch4_lvst_entferm_chickens|emission_co2e_ch4_lvst_entferm_goats|emission_co2e_ch4_lvst_entferm_horses|emission_co2e_ch4_lvst_entferm_mules|emission_co2e_ch4_lvst_entferm_pigs|emission_co2e_ch4_lvst_entferm_sheep | D76: :math:\text{CH}_4 Emissions from Livestock Enteric Fermentation | E76: 1 | F76: MMT | G76: ch4 | H76: Agriculture | I76: Emissions by Gas (MMTCH4 or MMTN2O) | J76: Methane | K76: Enteric Fermentation | L76: 28
A77: Livestock Manure Management | B77: ch4 | C77: emission_co2e_ch4_lsmm_anaerobic_digester|emission_co2e_ch4_lsmm_anaerobic_lagoon|emission_co2e_ch4_lsmm_composting|emission_co2e_ch4_lsmm_daily_spread|emission_co2e_ch4_lsmm_deep_bedding|emission_co2e_ch4_lsmm_dry_lot|emission_co2e_ch4_lsmm_incineration|emission_co2e_ch4_lsmm_liquid_slurry|emission_co2e_ch4_lsmm_paddock_pasture_range|emission_co2e_ch4_lsmm_poultry_manure|emission_co2e_ch4_lsmm_storage_solid | E77: 1 | F77: MMT | G77: ch4 | H77: Agriculture | I77: Emissions by Gas (MMTCH4 or MMTN2O) | J77: Methane | K77: Manure Management | L77: 28
A78: Livestock Manure Management | B78: n2o | C78: emission_co2e_n2o_lsmm_anaerobic_digester|emission_co2e_n2o_lsmm_anaerobic_lagoon|emission_co2e_n2o_lsmm_composting|emission_co2e_n2o_lsmm_daily_spread|emission_co2e_n2o_lsmm_deep_bedding|emission_co2e_n2o_lsmm_dry_lot|emission_co2e_n2o_lsmm_incineration|emission_co2e_n2o_lsmm_liquid_slurry|emission_co2e_n2o_lsmm_paddock_pasture_range|emission_co2e_n2o_lsmm_poultry_manure|emission_co2e_n2o_lsmm_storage_solid | D78: :math:\text{N}_2\text{O} Emissions from Manure Management | E78: 1 | F78: MMT | G78: n2o | H78: Agriculture | I78: Emissions by Gas (MMTCH4 or MMTN2O) | J78: Nitrous Oxide | K78: Manure Management | L78: 265
A79: Soil Management | B79: co2 | C79: emission_co2e_co2_soil_lime_use | D79: :math:\text{CO}_2 Emissions from Lime | E79: 1 | F79: MMT | G79: co2e | H79: Agriculture | I79: Emissions by Gas (MMTCH4 or MMTN2O) | J79: Carbon Dioxide | K79: Liming | L79: 1
A80: Soil Management | B80: co2 | C80: emission_co2e_co2_soil_urea_use | D80: :math:\text{CO}_2 Emissions from Urea | E80: 1 | F80: MMT | G80: co2e | H80: Agriculture | I80: Emissions by Gas (MMTCH4 or MMTN2O) | J80: Carbon Dioxide | K80: Urea Fertilization | L80: 1
A81: Soil Management | B81: n2o | C81: emission_co2e_n2o_soil_fertilizer | D81: :math:\text{N}_2\text{O} Emissions from Fertilizer Use | E81: 1 | F81: MT | G81: n2o | H81: Agriculture | I81: Nitrous Oxide Emissions from Agricultural Soil Management (Metric Tons N2O) | J81: Direct | K81: Fertilizers | L81: 0.000265
A82: Soil Management | B82: n2o | C82: emission_co2e_n2o_soil_mineral_soils|emission_co2e_n2o_soil_organic_soils|emission_co2e_n2o_soil_paddock_pasture_range | D82: :math:\text{N}_2\text{O} Emissions from Mineral Soils|:math:\text{N}_2\text{O} Emissions from Organic Soils|:math:\text{N}_2\text{O} Emissions from Paddock Pasture and Range | E82: 1 | F82: MT | G82: n2o | H82: Agriculture | I82: Nitrous Oxide Emissions from Agricultural Soil Management (Metric Tons N2O) | J82: Indirect | K82: Fertilizers | L82: 0.000265
A83: Soil Management | B83: co2 | C83: emission_co2e_co2_soil_soc_mineral_soils | D83: :math:\\text{CO}_2 Emissions from Soil Carbon in Mineral Soils | E83: 0 | F83: NA | G83: NA | H83: NA | I83: NA | J83: NA | K83: NA
A84: Solid Waste | B84: ch4 | C84: emission_co2e_ch4_waso_biogas_food|emission_co2e_ch4_waso_biogas_sludge|emission_co2e_ch4_waso_biogas_yard | D84: :math:\text{CH}_4 Emissions from Anaerobic Biogas | E84: 0 | F84: NA | G84: NA | H84: NA | I84: NA | J84: NA | K84: NA
A85: Solid Waste | B85: ch4 | C85: emission_co2e_ch4_waso_compost_food|emission_co2e_ch4_waso_compost_sludge|emission_co2e_ch4_waso_compost_yard | D85: :math:\text{CH}_4 Emissions from Composting | E85: 0 | F85: NA | G85: NA | H85: NA | I85: NA | J85: NA | K85: NA
A86: Solid Waste | B86: ch4 | C86: emission_co2e_ch4_waso_open_dump_chemical_industrial|emission_co2e_ch4_waso_open_dump_food|emission_co2e_ch4_waso_open_dump_glass|emission_co2e_ch4_waso_open_dump_metal|emission_co2e_ch4_waso_open_dump_nappies|emission_co2e_ch4_waso_open_dump_other|emission_co2e_ch4_waso_open_dump_paper|emission_co2e_ch4_waso_open_dump_plastic|emission_co2e_ch4_waso_open_dump_rubber_leather|emission_co2e_ch4_waso_open_dump_sludge|emission_co2e_ch4_waso_open_dump_textiles|emission_co2e_ch4_waso_open_dump_wood|emission_co2e_ch4_waso_open_dump_yard | D86: :math:\text{CH}_4 Emissions from Open Dumping | E86: 0 | F86: NA | G86: NA | H86: NA | I86: NA | J86: NA | K86: NA
A87: Solid Waste | B87: n2o | C87: emission_co2e_n2o_waso_compost_food|emission_co2e_n2o_waso_compost_sludge|emission_co2e_n2o_waso_compost_yard | D87: :math:\text{N}_2\text{O} Emissions from Composting | E87: 0 | F87: NA | G87: NA | H87: NA | I87: NA | J87: NA | K87: NA
A88: Solid Waste | B88: ch4 | C88: emission_co2e_ch4_waso_incineration | D88: :math:\text{CH}_4 Emissions from Incineration | E88: 1 | F88: MT | G88: co2e | H88: Waste | I88: CO2 and N2O Emissions from Waste Combustion (MTCO2E) | J88: CH4 | L88: 1e-06
A89: Solid Waste | B89: ch4 | C89: emission_co2e_ch4_waso_landfilled_chemical_industrial|emission_co2e_ch4_waso_landfilled_food|emission_co2e_ch4_waso_landfilled_glass|emission_co2e_ch4_waso_landfilled_metal|emission_co2e_ch4_waso_landfilled_nappies|emission_co2e_ch4_waso_landfilled_other|emission_co2e_ch4_waso_landfilled_paper|emission_co2e_ch4_waso_landfilled_plastic|emission_co2e_ch4_waso_landfilled_rubber_leather|emission_co2e_ch4_waso_landfilled_sludge|emission_co2e_ch4_waso_landfilled_textiles|emission_co2e_ch4_waso_landfilled_wood|emission_co2e_ch4_waso_landfilled_yard | D89: :math:\text{CH}_4 Emissions from Landfills | E89: 1 | F89: MT | G89: co2e | H89: Waste | I89: CH4 Emissions from Landfills (MTCO2E) | J89: Total CH4 Emissions | L89: 1e-06
A90: Solid Waste | B90: co2 | C90: emission_co2e_co2_waso_incineration | D90: :math:\text{CO}_2 Emissions from Incineration | E90: 1 | F90: MT | G90: co2e | H90: Waste | I90: CO2 and N2O Emissions from Waste Combustion (MTCO2E) | J90: CO2 | L90: 1e-06
A91: Solid Waste | B91: n2o | C91: emission_co2e_n2o_waso_incineration | D91: :math:\text{N}_2\text{O} Emissions from Incineration | E91: 1 | F91: MT | G91: co2e | H91: Waste | I91: CO2 and N2O Emissions from Waste Combustion (MTCO2E) | J91: N2O | L91: 1e-06
A92: Stationary Combustion and Other Energy | B92: co2 | C92: emission_co2e_co2_scoe_commercial_municipal|emission_co2e_co2_scoe_other_se | D92: :math:\text{CO}_2 Emissions from SCOE | E92: 1 | F92: MMT | G92: co2e | H92: CO2FFC | I92: Emissions (MMTCO2 Eq.) | J92: Commercial | K92: Coal|Natural Gas|Other|Petroleum | L92: 1
A93: Stationary Combustion and Other Energy | B93: co2 | C93: emission_co2e_co2_scoe_residential | D93: :math:\text{CO}_2 Emissions from SCOE | E93: 1 | F93: MMT | G93: co2e | H93: CO2FFC | I93: Emissions (MMTCO2 Eq.) | J93: Residential | K93: Coal|Natural Gas|Other|Petroleum | L93: 1
A94: Stationary Combustion and Other Energy | B94: ch4 | C94: emission_co2e_ch4_scoe_commercial_municipal|emission_co2e_ch4_scoe_other_se | D94: :math:\text{CH}_4 Emissions from SCOE | E94: 1 | F94: MMT | G94: co2e | H94: Stationary | I94: Emissions (MMTCO2 Eq.) | J94: Commerical | K94: CH4 | L94: 1
A95: Stationary Combustion and Other Energy | B95: ch4 | C95: emission_co2e_ch4_scoe_residential | D95: :math:\text{CH}_4 Emissions from SCOE | E95: 1 | F95: MMT | G95: co2e | H95: Stationary | I95: Emissions (MMTCO2 Eq.) | J95: Residential | K95: CH4 | L95: 1
A96: Stationary Combustion and Other Energy | B96: n2o | C96: emission_co2e_n2o_scoe_commercial_municipal|emission_co2e_n2o_scoe_other_se | D96: :math:\text{N}_2\text{O} Emissions from SCOE | E96: 1 | F96: MMT | G96: co2e | H96: Stationary | I96: Emissions (MMTCO2 Eq.) | J96: Commercial | K96: N2O | L96: 1
A97: Stationary Combustion and Other Energy | B97: n2o | C97: emission_co2e_n2o_scoe_residential | D97: :math:\text{N}_2\text{O} Emissions from SCOE | E97: 1 | F97: MMT | G97: co2e | H97: Stationary | I97: Emissions (MMTCO2 Eq.) | J97: Residential | K97: N2O | L97: 1
A98: Transportation | B98: co2 | C98: emission_co2e_co2_trns_aviation|emission_co2e_co2_trns_human_powered|emission_co2e_co2_trns_powered_bikes|emission_co2e_co2_trns_public|emission_co2e_co2_trns_rail_freight|emission_co2e_co2_trns_rail_passenger|emission_co2e_co2_trns_road_heavy_freight|emission_co2e_co2_trns_road_heavy_regional|emission_co2e_co2_trns_road_light|emission_co2e_co2_trns_water_borne | D98: :math:\text{CO}_2 Emissions from Transportation | E98: 1 | F98: MMT | G98: co2e | H98: CO2FFC | I98: Emissions (MMTCO2 Eq.) | J98: Transportation|International Bunker Fuels | K98: Coal|Petroluem|Natural Gas|Other | L98: 1
A99: Transportation | B99: ch4 | C99: emission_co2e_ch4_trns_aviation | D99: :math:\text{CH}_4 Emissions from Transportation | E99: 1 | F99: MT | G99: co2e | H99: Mobile Combustion | I99: CH4 Emissions from Mobile Sources (MTCO2E) | J99: Non-Highway | K99: aircraft | L99: 1e-06
A100: Transportation | B100: ch4 | C100: emission_co2e_ch4_trns_powered_bikes | D100: :math:\text{CH}_4 Emissions from Transportation | E100: 1 | F100: MT | G100: co2e | H100: Mobile Combustion | I100: CH4 Emissions from Mobile Sources (MTCO2E) | J100: Gasoline Highway | K100: Motorcycles | L100: 1e-06
A101: Transportation | B101: ch4 | C101: emission_co2e_ch4_trns_rail_freight|emission_co2e_ch4_trns_rail_passenger | D101: :math:\text{CH}_4 Emissions from Transportation | E101: 1 | F101: MT | G101: co2e | H101: Mobile Combustion | I101: CH4 Emissions from Mobile Sources (MTCO2E) | J101: Non-Highway | K101: Locomotives | L101: 1e-06
A102: Transportation | B102: ch4 | C102: emission_co2e_ch4_trns_road_heavy_freight|emission_co2e_ch4_trns_road_heavy_regional|emission_co2e_ch4_trns_public | D102: :math:\text{CH}_4 Emissions from Transportation | E102: 1 | F102: MT | G102: co2e | H102: Mobile Combustion | I102: CH4 Emissions from Mobile Sources (MTCO2E) | J102: Gasoline Highway|Diesel Highway|Alternative Fuel Vehicles | K102: Heavy-Duty Vehicles|Heavy-Duty Buses|Heavy Duty Vehicles|Buses | L102: 1e-06
...

Sheet CO2evalues
A1: subsector_long | B1: Subsector | C1: gas | D1: variable_field | E1: variables | F1: accounted | G1: sit_units | H1: sit_gas_measure | I1: sit_sheet | J1: sit_sections | K1: sit_subsections | L1: sit_categories | M1: sit_rows | N1: notes | O1: 1990 | P1: 1991 | Q1: 1992 | R1: 1993 | S1: 1994 | T1: 1995 | U1: 1996 | V1: 1997 | W1: 1998 | X1: 1999 | Y1: 2000 | Z1: 2001 | AA1: 2002 | AB1: 2003 | AC1: 2004 | AD1: 2005 | AE1: 2006 | AF1: 2007 | AG1: 2008 | AH1: 2009 | AI1: 2010 | AJ1: 2011 | AK1: 2012 | AL1: 2013 | AM1: 2014 | AN1: 2015 | AO1: 2016 | AP1: 2017 | AQ1: 2018 | AR1: 2019 | AS1: 2020 | AT1: 2021
A2: Agriculture | B2: agrc | C2: ch4 | D2: emission_co2e_ch4_agrc_anaerobicdom_rice | E2: :math:\text{CH}_4 Emissions from Manure Management | F2: 1 | G2: MMT | H2: ch4 | I2: Agriculture | J2: Emissions by Gas (MMTCH4 or MMTN2O) | K2: Methane | L2: Rice Cultivation | M2: 35 | O2: =+sum_sheet!N2*'Equivalence Factor'!$L2 -> 3.0056415 | P2: =+sum_sheet!O2*'Equivalence Factor'!$L2 -> 2.8126187 | Q2: =+sum_sheet!P2*'Equivalence Factor'!$L2 -> 3.4192619 | R2: =+sum_sheet!Q2*'Equivalence Factor'!$L2 -> 2.9229175 | S2: =+sum_sheet!R2*'Equivalence Factor'!$L2 -> 3.4192619 | T2: =+sum_sheet!S2*'Equivalence Factor'!$L2 -> 3.143515 | U2: =+sum_sheet!T2*'Equivalence Factor'!$L2 -> 2.9394623 | V2: =+sum_sheet!U2*'Equivalence Factor'!$L2 -> 3.2152092 | ... AT2: =+sum_sheet!AS2*'Equivalence Factor'!$L2 -> 2.2776697
A3: Agriculture | B3: agrc | C3: ch4 | D3: emission_co2e_ch4_agrc_biomass_burning | E3: :math:\text{CH}_4 Emissions from Biomass Burning | F3: 1 | G3: MMT | H3: ch4 | I3: Agriculture | J3: Emissions by Gas (MMTCH4 or MMTN2O) | K3: Methane | L3: Burning of Agricultural Crop Waste | M3: 36 | O3: =+sum_sheet!N3*'Equivalence Factor'!$L3 -> 0.043555414 | P3: =+sum_sheet!O3*'Equivalence Factor'!$L3 -> 0.058282724 | Q3: =+sum_sheet!P3*'Equivalence Factor'!$L3 -> 0.067383842 | R3: =+sum_sheet!Q3*'Equivalence Factor'!$L3 -> 0.066880951 | S3: =+sum_sheet!R3*'Equivalence Factor'!$L3 -> 0.070056814 | T3: =+sum_sheet!S3*'Equivalence Factor'!$L3 -> 0.076948846 | U3: =+sum_sheet!T3*'Equivalence Factor'!$L3 -> 0.078818949 | V3: =+sum_sheet!U3*'Equivalence Factor'!$L3 -> 0.08726418 | ... AT3: =+sum_sheet!AS3*'Equivalence Factor'!$L3 -> 0.10730407
A4: Agriculture | B4: agrc | C4: n2o | D4: emission_co2e_n2o_agrc_biomass_burning | E4: :math:\text{N}_2\text{O} Emissions from Biomass Burning | F4: 1 | G4: MMT | H4: n2o | I4: Agriculture | J4: Emissions by Gas (MMTCH4 or MMTN2O) | K4: Nitrous Oxide | L4: Burning of Agricultural Crop Waste | M4: 40 | O4: =+sum_sheet!N4*'Equivalence Factor'!$L4 -> 0.0071414728 | P4: =+sum_sheet!O4*'Equivalence Factor'!$L4 -> 0.0090019783 | Q4: =+sum_sheet!P4*'Equivalence Factor'!$L4 -> 0.01046043 | R4: =+sum_sheet!Q4*'Equivalence Factor'!$L4 -> 0.010225113 | S4: =+sum_sheet!R4*'Equivalence Factor'!$L4 -> 0.010746983 | T4: =+sum_sheet!S4*'Equivalence Factor'!$L4 -> 0.011725919 | U4: =+sum_sheet!T4*'Equivalence Factor'!$L4 -> 0.01211506 | V4: =+sum_sheet!U4*'Equivalence Factor'!$L4 -> 0.013338149 | ... AT4: =+sum_sheet!AS4*'Equivalence Factor'!$L4 -> 0.016239825
A5: Agriculture | B5: agrc | C5: co2 | D5: emission_co2e_co2_agrc_biomass_bevs_and_spices | E5: :math:\text{CO}_2 Emissions from Biomass Carbon Stock Changes | F5: 0 | G5: NA | H5: NA | I5: NA | J5: NA | K5: NA | L5: NA | M5: -1 | O5: =+sum_sheet!N5*'Equivalence Factor'!$L5 -> 0 | P5: =+sum_sheet!O5*'Equivalence Factor'!$L5 -> 0 | Q5: =+sum_sheet!P5*'Equivalence Factor'!$L5 -> 0 | R5: =+sum_sheet!Q5*'Equivalence Factor'!$L5 -> 0 | S5: =+sum_sheet!R5*'Equivalence Factor'!$L5 -> 0 | T5: =+sum_sheet!S5*'Equivalence Factor'!$L5 -> 0 | U5: =+sum_sheet!T5*'Equivalence Factor'!$L5 -> 0 | V5: =+sum_sheet!U5*'Equivalence Factor'!$L5 -> 0 | ... AT5: =+sum_sheet!AS5*'Equivalence Factor'!$L5 -> 0
A6: Agriculture | B6: agrc | C6: co2 | D6: emission_co2e_co2_agrc_biomass_fruits | E6: :math:\text{CO}_2 Emissions from Biomass Carbon Stock Changes | F6: 0 | G6: NA | H6: NA | I6: NA | J6: NA | K6: NA | L6: NA | M6: -1 | O6: =+sum_sheet!N6*'Equivalence Factor'!$L6 -> 0 | P6: =+sum_sheet!O6*'Equivalence Factor'!$L6 -> 0 | Q6: =+sum_sheet!P6*'Equivalence Factor'!$L6 -> 0 | R6: =+sum_sheet!Q6*'Equivalence Factor'!$L6 -> 0 | S6: =+sum_sheet!R6*'Equivalence Factor'!$L6 -> 0 | T6: =+sum_sheet!S6*'Equivalence Factor'!$L6 -> 0 | U6: =+sum_sheet!T6*'Equivalence Factor'!$L6 -> 0 | V6: =+sum_sheet!U6*'Equivalence Factor'!$L6 -> 0 | ... AT6: =+sum_sheet!AS6*'Equivalence Factor'!$L6 -> 0
A7: Agriculture | B7: agrc | C7: co2 | D7: emission_co2e_co2_agrc_biomass_nuts | E7: :math:\text{CO}_2 Emissions from Biomass Carbon Stock Changes | F7: 0 | G7: NA | H7: NA | I7: NA | J7: NA | K7: NA | L7: NA | M7: -1 | O7: =+sum_sheet!N7*'Equivalence Factor'!$L7 -> 0 | P7: =+sum_sheet!O7*'Equivalence Factor'!$L7 -> 0 | Q7: =+sum_sheet!P7*'Equivalence Factor'!$L7 -> 0 | R7: =+sum_sheet!Q7*'Equivalence Factor'!$L7 -> 0 | S7: =+sum_sheet!R7*'Equivalence Factor'!$L7 -> 0 | T7: =+sum_sheet!S7*'Equivalence Factor'!$L7 -> 0 | U7: =+sum_sheet!T7*'Equivalence Factor'!$L7 -> 0 | V7: =+sum_sheet!U7*'Equivalence Factor'!$L7 -> 0 | ... AT7: =+sum_sheet!AS7*'Equivalence Factor'!$L7 -> 0
A8: Agriculture | B8: agrc | C8: co2 | D8: emission_co2e_co2_agrc_biomass_other_woody_perennial | E8: :math:\text{CO}_2 Emissions from Biomass Carbon Stock Changes | F8: 0 | G8: NA | H8: NA | I8: NA | J8: NA | K8: NA | L8: NA | M8: -1 | O8: =+sum_sheet!N8*'Equivalence Factor'!$L8 -> 0 | P8: =+sum_sheet!O8*'Equivalence Factor'!$L8 -> 0 | Q8: =+sum_sheet!P8*'Equivalence Factor'!$L8 -> 0 | R8: =+sum_sheet!Q8*'Equivalence Factor'!$L8 -> 0 | S8: =+sum_sheet!R8*'Equivalence Factor'!$L8 -> 0 | T8: =+sum_sheet!S8*'Equivalence Factor'!$L8 -> 0 | U8: =+sum_sheet!T8*'Equivalence Factor'!$L8 -> 0 | V8: =+sum_sheet!U8*'Equivalence Factor'!$L8 -> 0 | ... AT8: =+sum_sheet!AS8*'Equivalence Factor'!$L8 -> 0
A9: Agriculture | B9: agrc | C9: co2 | D9: emission_co2e_co2_lndu_drained_organic_soils_croplands|emission_co2e_co2_lndu_drained_organic_soils_pastures | E9: :math:\text{CO}_2 Emissions from Drained Organic Soils | F9: 0 | G9: NA | H9: NA | I9: NA | J9: NA | K9: NA | L9: NA | M9: -1 | O9: =+sum_sheet!N9*'Equivalence Factor'!$L9 -> 0 | P9: =+sum_sheet!O9*'Equivalence Factor'!$L9 -> 0 | Q9: =+sum_sheet!P9*'Equivalence Factor'!$L9 -> 0 | R9: =+sum_sheet!Q9*'Equivalence Factor'!$L9 -> 0 | S9: =+sum_sheet!R9*'Equivalence Factor'!$L9 -> 0 | T9: =+sum_sheet!S9*'Equivalence Factor'!$L9 -> 0 | U9: =+sum_sheet!T9*'Equivalence Factor'!$L9 -> 0 | V9: =+sum_sheet!U9*'Equivalence Factor'!$L9 -> 0 | ... AT9: =+sum_sheet!AS9*'Equivalence Factor'!$L9 -> 0
A10: Agriculture|Soil Management | B10: agrc | C10: n2o | D10: emission_co2e_n2o_agrc_crop_residues | E10: :math:\text{N}_2\text{O} Emissions from Crop Residues | F10: 1 | G10: MT | H10: n2o | I10: Agriculture | J10: Nitrous Oxide Emissions from Agricultural Soil Management (Metric Tons N2O) | K10: Direct | L10: Crop Residues | M10: 46 | O10: =+sum_sheet!N10*'Equivalence Factor'!$L10 -> 0.56726867 | P10: =+sum_sheet!O10*'Equivalence Factor'!$L10 -> 0.42165636 | Q10: =+sum_sheet!P10*'Equivalence Factor'!$L10 -> 0.4812997 | R10: =+sum_sheet!Q10*'Equivalence Factor'!$L10 -> 0.43540415 | S10: =+sum_sheet!R10*'Equivalence Factor'!$L10 -> 0.42734029 | T10: =+sum_sheet!S10*'Equivalence Factor'!$L10 -> 0.3659902 | U10: =+sum_sheet!T10*'Equivalence Factor'!$L10 -> 0.50251276 | V10: =+sum_sheet!U10*'Equivalence Factor'!$L10 -> 0.46381849 | ... AT10: =+sum_sheet!AS10*'Equivalence Factor'!$L10 -> 0.52303501
A11: Carbon Capture and Sequestration | B11: ccsq | C11: ch4 | D11: emission_co2e_ch4_ccsq_direct_air_capture | E11: :math:\text{CH}_4 Emissions from CCSQ | F11: 0 | G11: NA | H11: NA | I11: NA | J11: NA | K11: NA | L11: NA | M11: -1 | O11: =+sum_sheet!N11*'Equivalence Factor'!$L11 -> 0 | P11: =+sum_sheet!O11*'Equivalence Factor'!$L11 -> 0 | Q11: =+sum_sheet!P11*'Equivalence Factor'!$L11 -> 0 | R11: =+sum_sheet!Q11*'Equivalence Factor'!$L11 -> 0 | S11: =+sum_sheet!R11*'Equivalence Factor'!$L11 -> 0 | T11: =+sum_sheet!S11*'Equivalence Factor'!$L11 -> 0 | U11: =+sum_sheet!T11*'Equivalence Factor'!$L11 -> 0 | V11: =+sum_sheet!U11*'Equivalence Factor'!$L11 -> 0 | ... AT11: =+sum_sheet!AS11*'Equivalence Factor'!$L11 -> 0
A12: Carbon Capture and Sequestration | B12: ccsq | C12: co2 | D12: emission_co2e_co2_ccsq_direct_air_capture | E12: :math:\text{CO}_2 Emissions from CCSQ | F12: 0 | G12: NA | H12: NA | I12: NA | J12: NA | K12: NA | L12: NA | M12: -1 | O12: =+sum_sheet!N12*'Equivalence Factor'!$L12 -> 0 | P12: =+sum_sheet!O12*'Equivalence Factor'!$L12 -> 0 | Q12: =+sum_sheet!P12*'Equivalence Factor'!$L12 -> 0 | R12: =+sum_sheet!Q12*'Equivalence Factor'!$L12 -> 0 | S12: =+sum_sheet!R12*'Equivalence Factor'!$L12 -> 0 | T12: =+sum_sheet!S12*'Equivalence Factor'!$L12 -> 0 | U12: =+sum_sheet!T12*'Equivalence Factor'!$L12 -> 0 | V12: =+sum_sheet!U12*'Equivalence Factor'!$L12 -> 0 | ... AT12: =+sum_sheet!AS12*'Equivalence Factor'!$L12 -> 0
A13: Carbon Capture and Sequestration | B13: ccsq | C13: n2o | D13: emission_co2e_n2o_ccsq_direct_air_capture | E13: :math:\text{N}_2\text{O} Emissions from CCSQ | F13: 0 | G13: NA | H13: NA | I13: NA | J13: NA | K13: NA | L13: NA | M13: -1 | O13: =+sum_sheet!N13*'Equivalence Factor'!$L13 -> 0 | P13: =+sum_sheet!O13*'Equivalence Factor'!$L13 -> 0 | Q13: =+sum_sheet!P13*'Equivalence Factor'!$L13 -> 0 | R13: =+sum_sheet!Q13*'Equivalence Factor'!$L13 -> 0 | S13: =+sum_sheet!R13*'Equivalence Factor'!$L13 -> 0 | T13: =+sum_sheet!S13*'Equivalence Factor'!$L13 -> 0 | U13: =+sum_sheet!T13*'Equivalence Factor'!$L13 -> 0 | V13: =+sum_sheet!U13*'Equivalence Factor'!$L13 -> 0 | ... AT13: =+sum_sheet!AS13*'Equivalence Factor'!$L13 -> 0
... A18: Energy Technology | B18: entc | C18: co2 | D18: emission_co2e_co2_entc_processing_and_refinement_fp_ammonia_production | E18: NemoMod :math:\text{CO}_2 Emissions from Fuel Processing and Refinement | F18: 1 | G18: MT | H18: co2e | I18: IP | J18: Emissions (MTCO2 Eq.) | K18: Carbon Dioxide Emissions | L18: Ammonia Production | M18: 11 | O18: =+sum_sheet!N18*'Equivalence Factor'!$L18 -> 6.1184837 | P18: =+sum_sheet!O18*'Equivalence Factor'!$L18 -> 6.1991414 | Q18: =+sum_sheet!P18*'Equivalence Factor'!$L18 -> 6.4792807 | R18: =+sum_sheet!Q18*'Equivalence Factor'!$L18 -> 5.9669368 | S18: =+sum_sheet!R18*'Equivalence Factor'!$L18 -> 6.4276458 | T18: =+sum_sheet!S18*'Equivalence Factor'!$L18 -> 6.0550107 | U18: =+sum_sheet!T18*'Equivalence Factor'!$L18 -> 6.1632771 | V18: =+sum_sheet!U18*'Equivalence Factor'!$L18 -> 5.8758721 | ... AT18: =+sum_sheet!AS18*'Equivalence Factor'!$L18 -> 4.9621202
A19: Energy Technology | B19: entc | C19: ch4 | D19: emission_co2e_ch4_entc_generation_pp_biogas|emission_co2e_ch4_entc_generation_pp_biomass|emission_co2e_ch4_entc_generation_pp_coal|emission_co2e_ch4_entc_generation_pp_coal_ccs|emission_co2e_ch4_entc_generation_pp_gas|emission_co2e_ch4_entc_generation_pp_gas_ccs|emission_co2e_ch4_entc_generation_pp_geothermal|emission_co2e_ch4_entc_generation_pp_hydropower|emission_co2e_ch4_entc_generation_pp_nuclear|emission_co2e_ch4_entc_generation_pp_ocean|emission_co2e_ch4_entc_generation_pp_oil|emission_co2e_ch4_entc_generation_pp_solar|emission_co2e_ch4_entc_generation_pp_waste_incineration|emission_co2e_ch4_entc_generation_pp_wind | E19: NemoMod :math:\text{CH}_4 Emissions from Electricity Generation | F19: 1 | G19: MMT | H19: co2e | I19: Stationary | J19: Emissions (MMTCO2 Eq.) | K19: Electric Utilities | L19: CH4 | M19: 15 | O19: =+sum_sheet!N28*'Equivalence Factor'!$L28 -> 0.013526087 | P19: =+sum_sheet!O28*'Equivalence Factor'!$L28 -> 0.013266356 | Q19: =+sum_sheet!P28*'Equivalence Factor'!$L28 -> 0.014162852 | R19: =+sum_sheet!Q28*'Equivalence Factor'!$L28 -> 0.015973338 | S19: =+sum_sheet!R28*'Equivalence Factor'!$L28 -> 0.016045411 | T19: =+sum_sheet!S28*'Equivalence Factor'!$L28 -> 0.016438266 | U19: =+sum_sheet!T28*'Equivalence Factor'!$L28 -> 0.014494261 | V19: =+sum_sheet!U28*'Equivalence Factor'!$L28 -> 0.0161982 | ... AT19: =+sum_sheet!AS28*'Equivalence Factor'!$L28 -> 0.014862404
A20: Energy Technology | B20: entc | C20: n2o | D20: emission_co2e_n2o_entc_generation_pp_biogas|emission_co2e_n2o_entc_generation_pp_biomass|emission_co2e_n2o_entc_generation_pp_coal|emission_co2e_n2o_entc_generation_pp_coal_ccs|emission_co2e_n2o_entc_generation_pp_gas|emission_co2e_n2o_entc_generation_pp_gas_ccs|emission_co2e_n2o_entc_generation_pp_geothermal|emission_co2e_n2o_entc_generation_pp_hydropower|emission_co2e_n2o_entc_generation_pp_nuclear|emission_co2e_n2o_entc_generation_pp_ocean|emission_co2e_n2o_entc_generation_pp_oil|emission_co2e_n2o_entc_generation_pp_solar|emission_co2e_n2o_entc_generation_pp_waste_incineration|emission_co2e_n2o_entc_generation_pp_wind | E20: NemoMod :math:\text{N}_2\text{O} Emissions from Electricity Generation | F20: 1 | G20: MMT | H20: co2e | I20: Stationary | J20: Emissions (MMTCO2 Eq.) | K20: Electric Utilities | L20: N2O | M20: 14 | O20: =+sum_sheet!N29*'Equivalence Factor'!$L29 -> 0.084145185 | P20: =+sum_sheet!O29*'Equivalence Factor'!$L29 -> 0.087894707 | Q20: =+sum_sheet!P29*'Equivalence Factor'!$L29 -> 0.092800199 | R20: =+sum_sheet!Q29*'Equivalence Factor'!$L29 -> 0.096713626 | S20: =+sum_sheet!R29*'Equivalence Factor'!$L29 -> 0.098227934 | T20: =+sum_sheet!S29*'Equivalence Factor'!$L29 -> 0.094153448 | U20: =+sum_sheet!T29*'Equivalence Factor'!$L29 -> 0.090447802 | V20: =+sum_sheet!U29*'Equivalence Factor'!$L29 -> 0.10029726 | ... AT20: =+sum_sheet!AS29*'Equivalence Factor'!$L29 -> 0.050993979
A21: Fugitive Emissions | B21: fgtv | C21: ch4 | D21: emission_co2e_ch4_fgtv_fuel_coal | E21: :math:\text{CH}_4 Fugitive Emissions|NemoMod :math:\text{CH}_4 Emissions from Fuel Mining and Extraction | F21: 1 | G21: MT | H21: ch4 | I21: Coal | J21: Emissions (MTCO2E) | K21: Coal Mining | M21: 23 | O21: =+sum_sheet!N30*'Equivalence Factor'!$L30 -> 0.034563417 | P21: =+sum_sheet!O30*'Equivalence Factor'!$L30 -> 0.034183718 | Q21: =+sum_sheet!P30*'Equivalence Factor'!$L30 -> 0.035149237 | R21: =+sum_sheet!Q30*'Equivalence Factor'!$L30 -> 0.033999293 | S21: =+sum_sheet!R30*'Equivalence Factor'!$L30 -> 0.037568459 | T21: =+sum_sheet!S30*'Equivalence Factor'!$L30 -> 0.040345683 | U21: =+sum_sheet!T30*'Equivalence Factor'!$L30 -> 0.034943115 | V21: =+sum_sheet!U30*'Equivalence Factor'!$L30 -> 0.038458039 | ... AT21: =+sum_sheet!AS30*'Equivalence Factor'!$L30 -> 0.003254559
A22: Fugitive Emissions | B22: fgtv | C22: ch4 | D22: emission_co2e_ch4_fgtv_fuel_oil | E22: :math:\text{CH}_4 Fugitive Emissions|NemoMod :math:\text{CH}_4 Emissions from Fuel Mining and Extraction|NemoMod :math:\text{CH}_4 Emissions from Fuel Processing and Refinement | F22: 1 | G22: MT | H22: ch4 | I22: Gas and Oil | J22: Emissions (MMTCO2 Eq.) | K22: Oil | M22: 23 | O22: =+sum_sheet!N31*'Equivalence Factor'!$L31 -> 2.533403 | P22: =+sum_sheet!O31*'Equivalence Factor'!$L31 -> 2.517307 | Q22: =+sum_sheet!P31*'Equivalence Factor'!$L31 -> 2.4780636 | R22: =+sum_sheet!Q31*'Equivalence Factor'!$L31 -> 2.5115319 | S22: =+sum_sheet!R31*'Equivalence Factor'!$L31 -> 2.3533827 | T22: =+sum_sheet!S31*'Equivalence Factor'!$L31 -> 2.5141251 | U22: =+sum_sheet!T31*'Equivalence Factor'!$L31 -> 2.8262154 | V22: =+sum_sheet!U31*'Equivalence Factor'!$L31 -> 2.8956899 | ... AT22: =+sum_sheet!AS31*'Equivalence Factor'!$L31 -> 0.63309567
A23: Fugitive Emissions | B23: fgtv | C23: ch4 | D23: emission_co2e_ch4_fgtv_fuel_natural_gas | E23: :math:\text{CH}_4 Fugitive Emissions|NemoMod :math:\text{CH}_4 Emissions from Fuel Mining and Extraction|NemoMod :math:\text{CH}_4 Emissions from Fuel Processing and Refinement | F23: 1 | G23: MT | H23: ch4 | I23: Gas and Oil | J23: Emissions by Gas (MTCH4) | K23: Natural Gas | M23: 19 | O23: =+sum_sheet!N32*'Equivalence Factor'!$L32 -> 5.0552155 | P23: =+sum_sheet!O32*'Equivalence Factor'!$L32 -> 4.5880192 | Q23: =+sum_sheet!P32*'Equivalence Factor'!$L32 -> 4.1919629 | R23: =+sum_sheet!Q32*'Equivalence Factor'!$L32 -> 4.9129536 | S23: =+sum_sheet!R32*'Equivalence Factor'!$L32 -> 4.1615913 | T23: =+sum_sheet!S32*'Equivalence Factor'!$L32 -> 4.6298624 | U23: =+sum_sheet!T32*'Equivalence Factor'!$L32 -> 5.0834462 | V23: =+sum_sheet!U32*'Equivalence Factor'!$L32 -> 4.9714409 | ... AT23: =+sum_sheet!AS32*'Equivalence Factor'!$L32 -> 12.457754
A24: Fugitive Emissions | B24: fgtv | C24: co2 | D24: emission_co2e_co2_fgtv_fuel_natural_gas | E24: :math:\text{CO}_2 Fugitive Emissions|NemoMod :math:\text{CO}_2 Emissions from Fuel Mining and Extraction | F24: 1 | G24: MMT | H24: co2e | I24: Gas and Oil | J24: Emissions (MMTCO2 Eq.) | K24: Natural Gas | M24: 27 | O24: =+sum_sheet!N33*'Equivalence Factor'!$L33 -> 0.026938547 | P24: =+sum_sheet!O33*'Equivalence Factor'!$L33 -> 0.030454825 | Q24: =+sum_sheet!P33*'Equivalence Factor'!$L33 -> 0.031189952 | R24: =+sum_sheet!Q33*'Equivalence Factor'!$L33 -> 0.032432963 | S24: =+sum_sheet!R33*'Equivalence Factor'!$L33 -> 0.034580003 | T24: =+sum_sheet!S33*'Equivalence Factor'!$L33 -> 0.034998556 | U24: =+sum_sheet!T33*'Equivalence Factor'!$L33 -> 0.034753718 | V24: =+sum_sheet!U33*'Equivalence Factor'!$L33 -> 0.0329468 | ... AT24: =+sum_sheet!AS33*'Equivalence Factor'!$L33 -> 0
A25: Energy Technology|Industrial Energy | B25: inen | C25: co2 | D25: emission_co2e_co2_entc_fuel_mining_and_extraction_me_coal|emission_co2e_co2_entc_fuel_mining_and_extraction_me_crude|emission_co2e_co2_entc_fuel_mining_and_extraction_me_natural_gas|emission_co2e_co2_entc_processing_and_refinement_fp_hydrogen_electrolysis|emission_co2e_co2_entc_processing_and_refinement_fp_hydrogen_gasification|emission_co2e_co2_entc_processing_and_refinement_fp_hydrogen_reformation|emission_co2e_co2_entc_processing_and_refinement_fp_hydrogen_reformation_ccs|emission_co2e_co2_entc_processing_and_refinement_fp_natural_gas|emission_co2e_co2_entc_processing_and_refinement_fp_natural_gas_liquefaction|emission_co2e_co2_entc_processing_and_refinement_fp_petroleum_refinement|emission_co2e_co2_inen_agriculture_and_livestock|emission_co2e_co2_inen_cement|emission_co2e_co2_inen_chemicals|emission_co2e_co2_inen_electronics|emission_co2e_co2_inen_glass|emission_co2e_co2_inen_lime_and_carbonite|emission_co2e_co2_inen_metals|emission_co2e_co2_inen_mining|emission_co2e_co2_inen_other_product_manufacturing|emission_co2e_co2_inen_paper|emission_co2e_co2_inen_plastic|emission_co2e_co2_inen_recycled_glass|emission_co2e_co2_inen_recycled_metals|emission_co2e_co2_inen_recycled_paper|emission_co2e_co2_inen_recycled_plastic|emission_co2e_co2_inen_recycled_rubber_and_leather|emission_co2e_co2_inen_recycled_textiles|emission_co2e_co2_inen_recycled_wood|emission_co2e_co2_inen_rubber_and_leather|emission_co2e_co2_inen_textiles | E25: :math:\text{CO}_2 Emissions from Industrial Energy|NemoMod :math:\text{CO}_2 Emissions from Fuel Processing and Refinement | F25: 1 | G25: MMT | H25: co2e | I25: CO2FFC | J25: Emissions (MMTCO2 Eq.) | K25: Industrial | L25: Coal|Natural Gas|Other|Petroleum | M25: 15|16|17|18 | O25: =+sum_sheet!N34*'Equivalence Factor'!$L34 -> 108.04245 | P25: =+sum_sheet!O34*'Equivalence Factor'!$L34 -> 105.17365 | Q25: =+sum_sheet!P34*'Equivalence Factor'!$L34 -> 111.65306 | R25: =+sum_sheet!Q34*'Equivalence Factor'!$L34 -> 113.17479 | S25: =+sum_sheet!R34*'Equivalence Factor'!$L34 -> 115.58416 | T25: =+sum_sheet!S34*'Equivalence Factor'!$L34 -> 115.08509 | U25: =+sum_sheet!T34*'Equivalence Factor'!$L34 -> 119.53251 | V25: =+sum_sheet!U34*'Equivalence Factor'!$L34 -> 126.84874 | ... AT25: =+sum_sheet!AS34*'Equivalence Factor'!$L34 -> 116.70887
A26: Energy Technology|Industrial Energy | B26: inen | C26: ch4 | D26: emission_co2e_ch4_entc_fuel_mining_and_extraction_me_coal|emission_co2e_ch4_entc_fuel_mining_and_extraction_me_crude|emission_co2e_ch4_entc_fuel_mining_and_extraction_me_natural_gas|emission_co2e_ch4_entc_processing_and_refinement_fp_ammonia_production|emission_co2e_ch4_entc_processing_and_refinement_fp_hydrogen_electrolysis|emission_co2e_ch4_entc_processing_and_refinement_fp_hydrogen_gasification|emission_co2e_ch4_entc_processing_and_refinement_fp_hydrogen_reformation|emission_co2e_ch4_entc_processing_and_refinement_fp_hydrogen_reformation_ccs|emission_co2e_ch4_entc_processing_and_refinement_fp_natural_gas|emission_co2e_ch4_entc_processing_and_refinement_fp_natural_gas_liquefaction|emission_co2e_ch4_entc_processing_and_refinement_fp_petroleum_refinement|emission_co2e_ch4_inen_agriculture_and_livestock|emission_co2e_ch4_inen_cement|emission_co2e_ch4_inen_chemicals|emission_co2e_ch4_inen_electronics|emission_co2e_ch4_inen_glass|emission_co2e_ch4_inen_lime_and_carbonite|emission_co2e_ch4_inen_metals|emission_co2e_ch4_inen_mining|emission_co2e_ch4_inen_other_product_manufacturing|emission_co2e_ch4_inen_paper|emission_co2e_ch4_inen_plastic|emission_co2e_ch4_inen_recycled_glass|emission_co2e_ch4_inen_recycled_metals|emission_co2e_ch4_inen_recycled_paper|emission_co2e_ch4_inen_recycled_plastic|emission_co2e_ch4_inen_recycled_rubber_and_leather|emission_co2e_ch4_inen_recycled_textiles|emission_co2e_ch4_inen_recycled_wood|emission_co2e_ch4_inen_rubber_and_leather|emission_co2e_ch4_inen_textiles | E26: :math:\text{CH}_4 Emissions from Industrial Energy|NemoMod :math:\text{CH}_4 Emissions from Fuel Processing and Refinement | F26: 1 | G26: MMT | H26: co2e | I26: Stationary | J26: Emissions (MMTCO2 Eq.) | L26: CH4 | M26: 12 | O26: =+sum_sheet!N35*'Equivalence Factor'!$L35 -> 0.15368455 | P26: =+sum_sheet!O35*'Equivalence Factor'!$L35 -> 0.15102397 | Q26: =+sum_sheet!P35*'Equivalence Factor'!$L35 -> 0.15961178 | R26: =+sum_sheet!Q35*'Equivalence Factor'!$L35 -> 0.15998004 | S26: =+sum_sheet!R35*'Equivalence Factor'!$L35 -> 0.17092587 | T26: =+sum_sheet!S35*'Equivalence Factor'!$L35 -> 0.17332045 | U26: =+sum_sheet!T35*'Equivalence Factor'!$L35 -> 0.17627557 | V26: =+sum_sheet!U35*'Equivalence Factor'!$L35 -> 0.18089714 | ... AT26: =+sum_sheet!AS35*'Equivalence Factor'!$L35 -> 0.14207225
A27: Energy Technology|Industrial Energy | B27: inen | C27: n2o | D27: emission_co2e_n2o_entc_fuel_mining_and_extraction_me_coal|emission_co2e_n2o_entc_fuel_mining_and_extraction_me_crude|emission_co2e_n2o_entc_fuel_mining_and_extraction_me_natural_gas|emission_co2e_n2o_entc_processing_and_refinement_fp_ammonia_production|emission_co2e_n2o_entc_processing_and_refinement_fp_hydrogen_electrolysis|emission_co2e_n2o_entc_processing_and_refinement_fp_hydrogen_gasification|emission_co2e_n2o_entc_processing_and_refinement_fp_hydrogen_reformation|emission_co2e_n2o_entc_processing_and_refinement_fp_hydrogen_reformation_ccs|emission_co2e_n2o_entc_processing_and_refinement_fp_natural_gas|emission_co2e_n2o_entc_processing_and_refinement_fp_natural_gas_liquefaction|emission_co2e_n2o_entc_processing_and_refinement_fp_petroleum_refinement|emission_co2e_n2o_inen_agriculture_and_livestock|emission_co2e_n2o_inen_cement|emission_co2e_n2o_inen_chemicals|emission_co2e_n2o_inen_electronics|emission_co2e_n2o_inen_glass|emission_co2e_n2o_inen_lime_and_carbonite|emission_co2e_n2o_inen_metals|emission_co2e_n2o_inen_mining|emission_co2e_n2o_inen_other_product_manufacturing|emission_co2e_n2o_inen_paper|emission_co2e_n2o_inen_plastic|emission_co2e_n2o_inen_recycled_glass|emission_co2e_n2o_inen_recycled_metals|emission_co2e_n2o_inen_recycled_paper|emission_co2e_n2o_inen_recycled_plastic|emission_co2e_n2o_inen_recycled_rubber_and_leather|emission_co2e_n2o_inen_recycled_textiles|emission_co2e_n2o_inen_recycled_wood|emission_co2e_n2o_inen_rubber_and_leather|emission_co2e_n2o_inen_textiles | E27: :math:\text{N}_2\text{O} Emissions from Industrial Energy|NemoMod :math:\text{N}_2\text{O} Emissions from Fuel Processing and Refinement | F27: 1 | G27: MMT | H27: co2e | I27: Stationary | J27: Emissions (MMTCO2 Eq.) | L27: N2O | M27: 11 | O27: =+sum_sheet!N36*'Equivalence Factor'!$L36 -> 0.20585407 | P27: =+sum_sheet!O36*'Equivalence Factor'!$L36 -> 0.20149104 | Q27: =+sum_sheet!P36*'Equivalence Factor'!$L36 -> 0.21525445 | R27: =+sum_sheet!Q36*'Equivalence Factor'!$L36 -> 0.21609989 | S27: =+sum_sheet!R36*'Equivalence Factor'!$L36 -> 0.23174922 | T27: =+sum_sheet!S36*'Equivalence Factor'!$L36 -> 0.23376084 | U27: =+sum_sheet!T36*'Equivalence Factor'!$L36 -> 0.24038892 | V27: =+sum_sheet!U36*'Equivalence Factor'!$L36 -> 0.24461985 | ... AT27: =+sum_sheet!AS36*'Equivalence Factor'!$L36 -> 0.1916771
A28: Forest | B28: frst | C28: co2 | D28: emission_co2e_co2_frst_harvested_wood_products | E28: :math:\text{CO}_2 Emissions from Harvested Wood Products | F28: 1 | G28: MMT | H28: co2e | I28: Forest Management | J28: Emissions (MMTCO2E) | K28: Forest Land Remaining Forest Land | L28: Total wood products and landfills | M28: 27 | O28: =+sum_sheet!N37*'Equivalence Factor'!$L37 -> -10.860612 | P28: =+sum_sheet!O37*'Equivalence Factor'!$L37 -> -10.860612 | Q28: =+sum_sheet!P37*'Equivalence Factor'!$L37 -> -10.860612 | R28: =+sum_sheet!Q37*'Equivalence Factor'!$L37 -> -10.155088 | S28: =+sum_sheet!R37*'Equivalence Factor'!$L37 -> -10.155088 | T28: =+sum_sheet!S37*'Equivalence Factor'!$L37 -> -10.155088 | U28: =+sum_sheet!T37*'Equivalence Factor'!$L37 -> -10.155088 | V28: =+sum_sheet!U37*'Equivalence Factor'!$L37 -> -10.155088 | ... AT28: =+sum_sheet!AS37*'Equivalence Factor'!$L37 -> -10.155088
A29: Forest | B29: frst | C29: co2 | D29: emission_co2e_co2_frst_sequestration_mangroves|emission_co2e_co2_frst_sequestration_primary|emission_co2e_co2_frst_sequestration_secondary | E29: :math:\text{CO}_2 Emissions from Forest Biomass Sequestration | F29: 1 | G29: MMT | H29: co2e | I29: Forest Management | J29: Emissions (MMTCO2E) | K29: Forest Land Remaining Forest Land | L29: Aboveground Biomass|Belowground Biomass|Deadwood|Litter | M29: 20|21|22|23 | O29: =+sum_sheet!N38*'Equivalence Factor'!$L38 -> -17.58 | P29: =+sum_sheet!O38*'Equivalence Factor'!$L38 -> -17.51 | Q29: =+sum_sheet!P38*'Equivalence Factor'!$L38 -> -17.46 | R29: =+sum_sheet!Q38*'Equivalence Factor'!$L38 -> -17.39 | S29: =+sum_sheet!R38*'Equivalence Factor'!$L38 -> -17.34 | T29: =+sum_sheet!S38*'Equivalence Factor'!$L38 -> -17.28 | U29: =+sum_sheet!T38*'Equivalence Factor'!$L38 -> -17.22 | V29: =+sum_sheet!U38*'Equivalence Factor'!$L38 -> -17.15 | ... AT29: =+sum_sheet!AS38*'Equivalence Factor'!$L38 -> -26.39
A30: Forest | B30: frst | C30: ch4 | D30: emission_co2e_ch4_frst_methane_mangroves | E30: :math:\text{CH}_4 Emissions from Forests | F30: 0 | G30: NA | H30: NA | I30: NA | J30: NA | K30: NA | L30: NA | M30: -1 | O30: =+sum_sheet!N39*'Equivalence Factor'!$L39 -> 0 | P30: =+sum_sheet!O39*'Equivalence Factor'!$L39 -> 0 | Q30: =+sum_sheet!P39*'Equivalence Factor'!$L39 -> 0 | R30: =+sum_sheet!Q39*'Equivalence Factor'!$L39 -> 0 | S30: =+sum_sheet!R39*'Equivalence Factor'!$L39 -> 0 | T30: =+sum_sheet!S39*'Equivalence Factor'!$L39 -> 0 | U30: =+sum_sheet!T39*'Equivalence Factor'!$L39 -> 0 | V30: =+sum_sheet!U39*'Equivalence Factor'!$L39 -> 0 | ... AT30: =+sum_sheet!AS39*'Equivalence Factor'!$L39 -> 0
A31: Forest | B31: frst | C31: ch4 | D31: emission_co2e_ch4_frst_methane_primary | E31: :math:\text{CH}_4 Emissions from Forests | F31: 0 | G31: NA | H31: NA | I31: NA | J31: NA | K31: NA | L31: NA | M31: -1 | O31: =+sum_sheet!N40*'Equivalence Factor'!$L40 -> 0 | P31: =+sum_sheet!O40*'Equivalence Factor'!$L40 -> 0 | Q31: =+sum_sheet!P40*'Equivalence Factor'!$L40 -> 0 | R31: =+sum_sheet!Q40*'Equivalence Factor'!$L40 -> 0 | S31: =+sum_sheet!R40*'Equivalence Factor'!$L40 -> 0 | T31: =+sum_sheet!S40*'Equivalence Factor'!$L40 -> 0 | U31: =+sum_sheet!T40*'Equivalence Factor'!$L40 -> 0 | V31: =+sum_sheet!U40*'Equivalence Factor'!$L40 -> 0 | ... AT31: =+sum_sheet!AS40*'Equivalence Factor'!$L40 -> 0
A32: Forest | B32: frst | C32: ch4 | D32: emission_co2e_ch4_frst_methane_secondary | E32: :math:\text{CH}_4 Emissions from Forests | F32: 0 | G32: NA | H32: NA | I32: NA | J32: NA | K32: NA | L32: NA | M32: -1 | O32: =+sum_sheet!N41*'Equivalence Factor'!$L41 -> 0 | P32: =+sum_sheet!O41*'Equivalence Factor'!$L41 -> 0 | Q32: =+sum_sheet!P41*'Equivalence Factor'!$L41 -> 0 | R32: =+sum_sheet!Q41*'Equivalence Factor'!$L41 -> 0 | S32: =+sum_sheet!R41*'Equivalence Factor'!$L41 -> 0 | T32: =+sum_sheet!S41*'Equivalence Factor'!$L41 -> 0 | U32: =+sum_sheet!T41*'Equivalence Factor'!$L41 -> 0 | V32: =+sum_sheet!U41*'Equivalence Factor'!$L41 -> 0 | ... AT32: =+sum_sheet!AS41*'Equivalence Factor'!$L41 -> 0
A33: Forest | B33: frst | C33: co2 | D33: emission_co2e_co2_frst_forest_fires | E33: :math:\text{CO}_2 Emissions from Forest Fires | F33: 0 | G33: NA | H33: NA | I33: NA | J33: NA | K33: NA | L33: NA | M33: -1 | O33: =+sum_sheet!N42*'Equivalence Factor'!$L42 -> 0 | P33: =+sum_sheet!O42*'Equivalence Factor'!$L42 -> 0 | Q33: =+sum_sheet!P42*'Equivalence Factor'!$L42 -> 0 | R33: =+sum_sheet!Q42*'Equivalence Factor'!$L42 -> 0 | S33: =+sum_sheet!R42*'Equivalence Factor'!$L42 -> 0 | T33: =+sum_sheet!S42*'Equivalence Factor'!$L42 -> 0 | U33: =+sum_sheet!T42*'Equivalence Factor'!$L42 -> 0 | V33: =+sum_sheet!U42*'Equivalence Factor'!$L42 -> 0 | ... AT33: =+sum_sheet!AS42*'Equivalence Factor'!$L42 -> 0
A34: Fugitive Emissions | B34: fgtv | C34: co2 | D34: emission_co2e_co2_fgtv_fuel_coal | E34: :math:\text{CO}_2 Fugitive Emissions | F34: 0 | G34: NA | H34: NA | I34: NA | J34: NA | K34: NA | L34: NA | M34: -1 | O34: =+sum_sheet!N43*'Equivalence Factor'!$L43 -> 0 | P34: =+sum_sheet!O43*'Equivalence Factor'!$L43 -> 0 | Q34: =+sum_sheet!P43*'Equivalence Factor'!$L43 -> 0 | R34: =+sum_sheet!Q43*'Equivalence Factor'!$L43 -> 0 | S34: =+sum_sheet!R43*'Equivalence Factor'!$L43 -> 0 | T34: =+sum_sheet!S43*'Equivalence Factor'!$L43 -> 0 | U34: =+sum_sheet!T43*'Equivalence Factor'!$L43 -> 0 | V34: =+sum_sheet!U43*'Equivalence Factor'!$L43 -> 0 | ... AT34: =+sum_sheet!AS43*'Equivalence Factor'!$L43 -> 0
A35: Fugitive Emissions | B35: fgtv | C35: co2 | D35: emission_co2e_co2_fgtv_fuel_oil | E35: :math:\text{CO}_2 Fugitive Emissions | F35: 0 | G35: NA | H35: NA | I35: NA | J35: NA | K35: NA | L35: NA | M35: -1 | O35: =+sum_sheet!N44*'Equivalence Factor'!$L44 -> 0 | P35: =+sum_sheet!O44*'Equivalence Factor'!$L44 -> 0 | Q35: =+sum_sheet!P44*'Equivalence Factor'!$L44 -> 0 | R35: =+sum_sheet!Q44*'Equivalence Factor'!$L44 -> 0 | S35: =+sum_sheet!R44*'Equivalence Factor'!$L44 -> 0 | T35: =+sum_sheet!S44*'Equivalence Factor'!$L44 -> 0 | U35: =+sum_sheet!T44*'Equivalence Factor'!$L44 -> 0 | V35: =+sum_sheet!U44*'Equivalence Factor'!$L44 -> 0 | ... AT35: =+sum_sheet!AS44*'Equivalence Factor'!$L44 -> 0
A36: Fugitive Emissions | B36: fgtv | C36: n2o | D36: emission_co2e_n2o_fgtv_fuel_coal | E36: :math:\text{N}_2\text{O} Fugitive Emissions | F36: 0 | G36: NA | H36: NA | I36: NA | J36: NA | K36: NA | L36: NA | M36: -1 | O36: =+sum_sheet!N45*'Equivalence Factor'!$L45 -> 0 | P36: =+sum_sheet!O45*'Equivalence Factor'!$L45 -> 0 | Q36: =+sum_sheet!P45*'Equivalence Factor'!$L45 -> 0 | R36: =+sum_sheet!Q45*'Equivalence Factor'!$L45 -> 0 | S36: =+sum_sheet!R45*'Equivalence Factor'!$L45 -> 0 | T36: =+sum_sheet!S45*'Equivalence Factor'!$L45 -> 0 | U36: =+sum_sheet!T45*'Equivalence Factor'!$L45 -> 0 | V36: =+sum_sheet!U45*'Equivalence Factor'!$L45 -> 0 | ... AT36: =+sum_sheet!AS45*'Equivalence Factor'!$L45 -> 0
A37: Fugitive Emissions | B37: fgtv | C37: n2o | D37: emission_co2e_n2o_fgtv_fuel_natural_gas | E37: :math:\text{N}_2\text{O} Fugitive Emissions | F37: 0 | G37: NA | H37: NA | I37: NA | J37: NA | K37: NA | L37: NA | M37: -1 | O37: =+sum_sheet!N46*'Equivalence Factor'!$L46 -> 0 | P37: =+sum_sheet!O46*'Equivalence Factor'!$L46 -> 0 | Q37: =+sum_sheet!P46*'Equivalence Factor'!$L46 -> 0 | R37: =+sum_sheet!Q46*'Equivalence Factor'!$L46 -> 0 | S37: =+sum_sheet!R46*'Equivalence Factor'!$L46 -> 0 | T37: =+sum_sheet!S46*'Equivalence Factor'!$L46 -> 0 | U37: =+sum_sheet!T46*'Equivalence Factor'!$L46 -> 0 | V37: =+sum_sheet!U46*'Equivalence Factor'!$L46 -> 0 | ... AT37: =+sum_sheet!AS46*'Equivalence Factor'!$L46 -> 0
A38: Fugitive Emissions | B38: fgtv | C38: n2o | D38: emission_co2e_n2o_fgtv_fuel_oil | E38: :math:\text{N}_2\text{O} Fugitive Emissions | F38: 0 | G38: NA | H38: NA | I38: NA | J38: NA | K38: NA | L38: NA | M38: -1 | O38: =+sum_sheet!N48*'Equivalence Factor'!$L48 -> 0 | P38: =+sum_sheet!O48*'Equivalence Factor'!$L48 -> 0 | Q38: =+sum_sheet!P48*'Equivalence Factor'!$L48 -> 0 | R38: =+sum_sheet!Q48*'Equivalence Factor'!$L48 -> 0 | S38: =+sum_sheet!R48*'Equivalence Factor'!$L48 -> 0 | T38: =+sum_sheet!S48*'Equivalence Factor'!$L48 -> 0 | U38: =+sum_sheet!T48*'Equivalence Factor'!$L48 -> 0 | V38: =+sum_sheet!U48*'Equivalence Factor'!$L48 -> 0 | ... AT38: =+sum_sheet!AS48*'Equivalence Factor'!$L48 -> 0
A39: IPPU | B39: ippu | C39: c2f6|c2h3f3|c2hf5|c3f8|c3h2f6|c3h3f5|c3hf7|c4f10|c4f6|c4h5f5|c5f12|c5f8|c5h2f10|c6f14|cc4f8|cf4|ch2f2|ch2fchf2|ch3cci2f|ch3ccif2|ch3chf2|ch3f|chf2cf3|chf2chf2|chf3|nf3|sf6|sf6 | D39: emission_co2e_c2f6_ippu_product_use_product_use_ods_other|emission_co2e_c2f6_ippu_production_chemicals|emission_co2e_c2f6_ippu_production_electronics|emission_co2e_c2f6_ippu_production_metals|emission_co2e_c2h3f3_ippu_product_use_product_use_ods_refrigeration|emission_co2e_c2h3f3_ippu_production_chemicals|emission_co2e_c2hf5_ippu_product_use_product_use_ods_other|emission_co2e_c2hf5_ippu_product_use_product_use_ods_refrigeration|emission_co2e_c2hf5_ippu_production_chemicals|emission_co2e_c3f8_ippu_production_chemicals|emission_co2e_c3f8_ippu_production_electronics|emission_co2e_c3h2f6_ippu_product_use_product_use_ods_other|emission_co2e_c3h2f6_ippu_product_use_product_use_ods_refrigeration|emission_co2e_c3h3f5_ippu_product_use_product_use_ods_other|emission_co2e_c3h3f5_ippu_product_use_product_use_ods_refrigeration|emission_co2e_c3hf7_ippu_product_use_product_use_ods_other|emission_co2e_c3hf7_ippu_product_use_product_use_ods_refrigeration|emission_co2e_c3hf7_ippu_production_chemicals|emission_co2e_c4f10_ippu_product_use_product_use_ods_other|emission_co2e_c4f10_ippu_production_chemicals|emission_co2e_c4f6_ippu_production_electronics|emission_co2e_c4h5f5_ippu_product_use_product_use_ods_other|emission_co2e_c4h5f5_ippu_production_chemicals|emission_co2e_c5f12_ippu_production_chemicals|emission_co2e_c5f8_ippu_production_electronics|emission_co2e_c5h2f10_ippu_product_use_product_use_ods_other|emission_co2e_c6f14_ippu_product_use_product_use_ods_other|emission_co2e_c6f14_ippu_production_chemicals|emission_co2e_cc4f8_ippu_production_chemicals|emission_co2e_cc4f8_ippu_production_electronics|emission_co2e_cf4_ippu_product_use_product_use_ods_other|emission_co2e_cf4_ippu_production_chemicals|emission_co2e_cf4_ippu_production_electronics|emission_co2e_cf4_ippu_production_metals|emission_co2e_ch2f2_ippu_product_use_product_use_ods_refrigeration|emission_co2e_ch2f2_ippu_production_chemicals|emission_co2e_ch2f2_ippu_production_electronics|emission_co2e_ch2fchf2_ippu_product_use_product_use_ods_other|emission_co2e_ch3cci2f_ippu_product_use_product_use_ods_other|emission_co2e_ch3ccif2_ippu_product_use_product_use_ods_other|emission_co2e_ch3chf2_ippu_product_use_product_use_ods_other|emission_co2e_ch3chf2_ippu_product_use_product_use_ods_refrigeration|emission_co2e_ch3chf2_ippu_production_chemicals|emission_co2e_ch3f_ippu_production_electronics|emission_co2e_chf2cf3_ippu_product_use_product_use_ods_other|emission_co2e_chf2cf3_ippu_product_use_product_use_ods_refrigeration|emission_co2e_chf2cf3_ippu_production_chemicals|emission_co2e_chf2chf2_ippu_product_use_product_use_ods_other|emission_co2e_chf3_ippu_product_use_product_use_ods_other|emission_co2e_chf3_ippu_product_use_product_use_ods_refrigeration|emission_co2e_chf3_ippu_production_chemicals|emission_co2e_chf3_ippu_production_electronics|emission_co2e_nf3_ippu_production_chemicals|emission_co2e_nf3_ippu_production_electronics|emission_co2e_sf6_ippu_production_chemicals|emission_co2e_sf6_ippu_production_electronics|emission_co2e_sf6_ippu_production_metals|emission_co2e_sf6_ippu_production_other_product_manufacturing | E39: :math:\text{NF}_3 Emissions from Industrial Production Processes|:math:\text{SF}_6 Emissions from Industrial Production Processes|Dodecafluoropentane Emissions from Industrial Production Processes|HCFC-141b Emissions from Industrial Product Use|HCFC-142b Emissions from Industrial Product Use|HFC-125 Emissions from Industrial Product Use|HFC-125 Emissions from Industrial Production Processes|HFC-134 Emissions from Industrial Product Use|HFC-134a Emissions from Industrial Product Use|HFC-134a Emissions from Industrial Production Processes|HFC-143 Emissions from Industrial Product Use|HFC-143a Emissions from Industrial Product Use|HFC-143a Emissions from Industrial Production Processes|HFC-152a Emissions from Industrial Product Use|HFC-152a Emissions from Industrial Production Processes|HFC-227ea Emissions from Industrial Product Use|HFC-227ea Emissions from Industrial Production Processes|HFC-23 Emissions from Industrial Product Use|HFC-23 Emissions from Industrial Production Processes|HFC-236fa Emissions from Industrial Product Use|HFC-245fa Emissions from Industrial Product Use|HFC-32 Emissions from Industrial Product Use|HFC-32 Emissions from Industrial Production Processes|HFC-365mfc Emissions from Industrial Product Use|HFC-365mfc Emissions from Industrial Production Processes|HFC-41 Emissions from Industrial Production Processes|HFC-43-10mee Emissions from Industrial Product Use|PFC-1114 Emissions from Industrial Production Processes|PFC-116 Emissions from Industrial Product Use|PFC-116 Emissions from Industrial Production Processes|PFC-14 Emissions from Industrial Product Use|PFC-14 Emissions from Industrial Production Processes|PFC-1418 Emissions from Industrial Production Processes|PFC-218 Emissions from Industrial Production Processes|PFC-31-10 Emissions from Industrial Product Use|PFC-31-10 Emissions from Industrial Production Processes|PFC-318 Emissions from Industrial Production Processes|PFC-51-14 Emissions from Industrial Product Use|PFC-51-14 Emissions from Industrial Production Processes | F39: 1 | G39: MT | H39: co2e | I39: IP | J39: Emissions (MTCO2 Eq.) | K39: HFC, PFC, SF6 and NF3 Emissions | L39: ODS Substitutes|Semiconductor Manufacturing|Magnesium Production|Electric Power Transmission and Distribution Systems|HCFC-22 Production|Aluminum Production, PFCs | M39: 19|20|21|22|23|24 | O39: =+sum_sheet!N49*'Equivalence Factor'!$L49 -> 0.58433555 | P39: =+sum_sheet!O49*'Equivalence Factor'!$L49 -> 0.56236219 | Q39: =+sum_sheet!P49*'Equivalence Factor'!$L49 -> 0.58811474 | R39: =+sum_sheet!Q49*'Equivalence Factor'!$L49 -> 0.65803163 | S39: =+sum_sheet!R49*'Equivalence Factor'!$L49 -> 0.80197623 | T39: =+sum_sheet!S49*'Equivalence Factor'!$L49 -> 1.1018888 | U39: =+sum_sheet!T49*'Equivalence Factor'!$L49 -> 1.2962931 | V39: =+sum_sheet!U49*'Equivalence Factor'!$L49 -> 1.4756909 | ... AT39: =+sum_sheet!AS49*'Equivalence Factor'!$L49 -> 3.4427408
A40: IPPU | B40: ippu | C40: co2 | D40: emission_co2e_co2_ippu_production_cement | E40: :math:\text{CO}_2 Emissions from Industrial Production Processes | F40: 1 | G40: MT | H40: co2e | I40: IP | J40: Emissions (MTCO2 Eq.) | K40: Carbon Dioxide Emissions | L40: Cement Manufacture | M40: 5 | O40: =+sum_sheet!N50*'Equivalence Factor'!$L50 -> 0 | P40: =+sum_sheet!O50*'Equivalence Factor'!$L50 -> 0 | Q40: =+sum_sheet!P50*'Equivalence Factor'!$L50 -> 0 | R40: =+sum_sheet!Q50*'Equivalence Factor'!$L50 -> 0 | S40: =+sum_sheet!R50*'Equivalence Factor'!$L50 -> 0 | T40: =+sum_sheet!S50*'Equivalence Factor'!$L50 -> 0 | U40: =+sum_sheet!T50*'Equivalence Factor'!$L50 -> 0 | V40: =+sum_sheet!U50*'Equivalence Factor'!$L50 -> 0 | ... AT40: =+sum_sheet!AS50*'Equivalence Factor'!$L50 -> 0
A41: IPPU | B41: ippu | C41: co2 | D41: emission_co2e_co2_ippu_production_glass | E41: :math:\text{CO}_2 Emissions from Industrial Production Processes | F41: 1 | G41: MT | H41: co2e | I41: IP | J41: Emissions (MTCO2 Eq.) | K41: Carbon Dioxide Emissions | L41: Soda Ash | M41: 8 | O41: =+sum_sheet!N51*'Equivalence Factor'!$L51 -> 0.045814913 | P41: =+sum_sheet!O51*'Equivalence Factor'!$L51 -> 0.043809855 | Q41: =+sum_sheet!P51*'Equivalence Factor'!$L51 -> 0.043463384 | R41: =+sum_sheet!Q51*'Equivalence Factor'!$L51 -> 0.043363465 | S41: =+sum_sheet!R51*'Equivalence Factor'!$L51 -> 0.042916794 | T41: =+sum_sheet!S51*'Equivalence Factor'!$L51 -> 0.044324552 | U41: =+sum_sheet!T51*'Equivalence Factor'!$L51 -> 0.043338716 | V41: =+sum_sheet!U51*'Equivalence Factor'!$L51 -> 0.043640695 | ... AT41: =+sum_sheet!AS51*'Equivalence Factor'!$L51 -> 0.026851186
A42: IPPU | B42: ippu | C42: co2 | D42: emission_co2e_co2_ippu_production_lime_and_carbonite | E42: :math:\text{CO}_2 Emissions from Industrial Production Processes | F42: 1 | G42: MT | H42: co2e | I42: IP | J42: Emissions (MTCO2 Eq.) | K42: Carbon Dioxide Emissions | L42: Lime Manufacture | M42: 6 | O42: =+sum_sheet!N52*'Equivalence Factor'!$L52 -> 0.059063736 | P42: =+sum_sheet!O52*'Equivalence Factor'!$L52 -> 0 | Q42: =+sum_sheet!P52*'Equivalence Factor'!$L52 -> 0 | R42: =+sum_sheet!Q52*'Equivalence Factor'!$L52 -> 0.084888619 | S42: =+sum_sheet!R52*'Equivalence Factor'!$L52 -> 0.076384299 | T42: =+sum_sheet!S52*'Equivalence Factor'!$L52 -> 0.086407971 | U42: =+sum_sheet!T52*'Equivalence Factor'!$L52 -> 0.078683652 | V42: =+sum_sheet!U52*'Equivalence Factor'!$L52 -> 0.086428289 | ... AT42: =+sum_sheet!AS52*'Equivalence Factor'!$L52 -> 0.13370237
A43: IPPU | B43: ippu | C43: co2 | D43: emission_co2e_co2_ippu_production_metals | E43: :math:\text{CO}_2 Emissions from Industrial Production Processes | F43: 1 | G43: MT | H43: co2e | I43: IP | J43: Emissions (MTCO2 Eq.) | K43: Carbon Dioxide Emissions | L43: Aluminum Production, CO2|Iron & Steel Production | M43: 9|10 | O43: =+sum_sheet!N53*'Equivalence Factor'!$L53 -> 0 | P43: =+sum_sheet!O53*'Equivalence Factor'!$L53 -> 0 | Q43: =+sum_sheet!P53*'Equivalence Factor'!$L53 -> 0 | R43: =+sum_sheet!Q53*'Equivalence Factor'!$L53 -> 0 | S43: =+sum_sheet!R53*'Equivalence Factor'!$L53 -> 0 | T43: =+sum_sheet!S53*'Equivalence Factor'!$L53 -> 0 | U43: =+sum_sheet!T53*'Equivalence Factor'!$L53 -> 0 | V43: =+sum_sheet!U53*'Equivalence Factor'!$L53 -> 1.0889791 | ... AT43: =+sum_sheet!AS53*'Equivalence Factor'!$L53 -> 0.81688082
A44: IPPU | B44: ippu | C44: n2o | D44: emission_co2e_n2o_ippu_production_chemicals | E44: :math:\text{N}_2\text{O} Emissions from Industrial Production Processes | F44: 1 | G44: MT | H44: co2e | I44: IP | J44: Emissions (MTCO2 Eq.) | K44: Carbon Dioxide Emissions | L44: Nitric Acid Production|Adipic Acid Production | M44: 15|16 | O44: =+sum_sheet!N54*'Equivalence Factor'!$L54 -> 0 | P44: =+sum_sheet!O54*'Equivalence Factor'!$L54 -> 0 | Q44: =+sum_sheet!P54*'Equivalence Factor'!$L54 -> 0 | R44: =+sum_sheet!Q54*'Equivalence Factor'!$L54 -> 0 | S44: =+sum_sheet!R54*'Equivalence Factor'!$L54 -> 0 | T44: =+sum_sheet!S54*'Equivalence Factor'!$L54 -> 0 | U44: =+sum_sheet!T54*'Equivalence Factor'!$L54 -> 0 | V44: =+sum_sheet!U54*'Equivalence Factor'!$L54 -> 0 | ... AT44: =+sum_sheet!AS54*'Equivalence Factor'!$L54 -> 0
A45: IPPU | B45: ippu | C45: ch4 | D45: emission_co2e_ch4_ippu_production_chemicals | E45: :math:\text{CH}_4 Emissions from Industrial Production Processes | F45: 0 | G45: NA | H45: NA | I45: NA | J45: NA | K45: NA | L45: NA | M45: -1 | O45: =+sum_sheet!N55*'Equivalence Factor'!$L55 -> 0 | P45: =+sum_sheet!O55*'Equivalence Factor'!$L55 -> 0 | Q45: =+sum_sheet!P55*'Equivalence Factor'!$L55 -> 0 | R45: =+sum_sheet!Q55*'Equivalence Factor'!$L55 -> 0 | S45: =+sum_sheet!R55*'Equivalence Factor'!$L55 -> 0 | T45: =+sum_sheet!S55*'Equivalence Factor'!$L55 -> 0 | U45: =+sum_sheet!T55*'Equivalence Factor'!$L55 -> 0 | V45: =+sum_sheet!U55*'Equivalence Factor'!$L55 -> 0 | ... AT45: =+sum_sheet!AS55*'Equivalence Factor'!$L55 -> 0
A46: IPPU | B46: ippu | C46: ch4 | D46: emission_co2e_ch4_ippu_production_metals | E46: :math:\text{CH}_4 Emissions from Industrial Production Processes | F46: 0 | G46: NA | H46: NA | I46: NA | J46: NA | K46: NA | L46: NA | M46: -1 | O46: =+sum_sheet!N56*'Equivalence Factor'!$L56 -> 0 | P46: =+sum_sheet!O56*'Equivalence Factor'!$L56 -> 0 | Q46: =+sum_sheet!P56*'Equivalence Factor'!$L56 -> 0 | R46: =+sum_sheet!Q56*'Equivalence Factor'!$L56 -> 0 | S46: =+sum_sheet!R56*'Equivalence Factor'!$L56 -> 0 | T46: =+sum_sheet!S56*'Equivalence Factor'!$L56 -> 0 | U46: =+sum_sheet!T56*'Equivalence Factor'!$L56 -> 0 | V46: =+sum_sheet!U56*'Equivalence Factor'!$L56 -> 0 | ... AT46: =+sum_sheet!AS56*'Equivalence Factor'!$L56 -> 0
A47: IPPU | B47: ippu | C47: ch4 | D47: emission_co2e_ch4_ippu_production_paper | E47: :math:\text{CH}_4 Emissions from Industrial Production Processes | F47: 0 | G47: NA | H47: NA | I47: NA | J47: NA | K47: NA | L47: NA | M47: -1 | O47: =+sum_sheet!N57*'Equivalence Factor'!$L57 -> 0 | P47: =+sum_sheet!O57*'Equivalence Factor'!$L57 -> 0 | Q47: =+sum_sheet!P57*'Equivalence Factor'!$L57 -> 0 | R47: =+sum_sheet!Q57*'Equivalence Factor'!$L57 -> 0 | S47: =+sum_sheet!R57*'Equivalence Factor'!$L57 -> 0 | T47: =+sum_sheet!S57*'Equivalence Factor'!$L57 -> 0 | U47: =+sum_sheet!T57*'Equivalence Factor'!$L57 -> 0 | V47: =+sum_sheet!U57*'Equivalence Factor'!$L57 -> 0 | ... AT47: =+sum_sheet!AS57*'Equivalence Factor'!$L57 -> 0
A48: IPPU | B48: ippu | C48: ch4 | D48: emission_co2e_ch4_ippu_production_plastic | E48: :math:\text{CH}_4 Emissions from Industrial Production Processes | F48: 0 | G48: NA | H48: NA | I48: NA | J48: NA | K48: NA | L48: NA | M48: -1 | O48: =+sum_sheet!N58*'Equivalence Factor'!$L58 -> 0 | P48: =+sum_sheet!O58*'Equivalence Factor'!$L58 -> 0 | Q48: =+sum_sheet!P58*'Equivalence Factor'!$L58 -> 0 | R48: =+sum_sheet!Q58*'Equivalence Factor'!$L58 -> 0 | S48: =+sum_sheet!R58*'Equivalence Factor'!$L58 -> 0 | T48: =+sum_sheet!S58*'Equivalence Factor'!$L58 -> 0 | U48: =+sum_sheet!T58*'Equivalence Factor'!$L58 -> 0 | V48: =+sum_sheet!U58*'Equivalence Factor'!$L58 -> 0 | ... AT48: =+sum_sheet!AS58*'Equivalence Factor'!$L58 -> 0
A49: IPPU | B49: ippu | C49: co2 | D49: emission_co2e_co2_ippu_product_use_product_use_lubricants | E49: :math:\text{CO}_2 Emissions from Industrial Product Use | F49: 0 | G49: NA | H49: NA | I49: NA | J49: NA | K49: NA | L49: NA | M49: -1 | O49: =+sum_sheet!N59*'Equivalence Factor'!$L59 -> 0 | P49: =+sum_sheet!O59*'Equivalence Factor'!$L59 -> 0 | Q49: =+sum_sheet!P59*'Equivalence Factor'!$L59 -> 0 | R49: =+sum_sheet!Q59*'Equivalence Factor'!$L59 -> 0 | S49: =+sum_sheet!R59*'Equivalence Factor'!$L59 -> 0 | T49: =+sum_sheet!S59*'Equivalence Factor'!$L59 -> 0 | U49: =+sum_sheet!T59*'Equivalence Factor'!$L59 -> 0 | V49: =+sum_sheet!U59*'Equivalence Factor'!$L59 -> 0 | ... AT49: =+sum_sheet!AS59*'Equivalence Factor'!$L59 -> 0
A50: IPPU | B50: ippu | C50: co2 | D50: emission_co2e_co2_ippu_product_use_product_use_other | E50: :math:\text{CO}_2 Emissions from Industrial Product Use | F50: 0 | G50: NA | H50: NA | I50: NA | J50: NA | K50: NA | L50: NA | M50: -1 | O50: =+sum_sheet!N60*'Equivalence Factor'!$L60 -> 0 | P50: =+sum_sheet!O60*'Equivalence Factor'!$L60 -> 0 | Q50: =+sum_sheet!P60*'Equivalence Factor'!$L60 -> 0 | R50: =+sum_sheet!Q60*'Equivalence Factor'!$L60 -> 0 | S50: =+sum_sheet!R60*'Equivalence Factor'!$L60 -> 0 | T50: =+sum_sheet!S60*'Equivalence Factor'!$L60 -> 0 | U50: =+sum_sheet!T60*'Equivalence Factor'!$L60 -> 0 | V50: =+sum_sheet!U60*'Equivalence Factor'!$L60 -> 0 | ... AT50: =+sum_sheet!AS60*'Equivalence Factor'!$L60 -> 0
A51: IPPU | B51: ippu | C51: co2 | D51: emission_co2e_co2_ippu_product_use_product_use_paraffin_wax | E51: :math:\text{CO}_2 Emissions from Industrial Product Use | F51: 0 | G51: NA | H51: NA | I51: NA | J51: NA | K51: NA | L51: NA | M51: -1 | O51: =+sum_sheet!N61*'Equivalence Factor'!$L61 -> 0 | P51: =+sum_sheet!O61*'Equivalence Factor'!$L61 -> 0 | Q51: =+sum_sheet!P61*'Equivalence Factor'!$L61 -> 0 | R51: =+sum_sheet!Q61*'Equivalence Factor'!$L61 -> 0 | S51: =+sum_sheet!R61*'Equivalence Factor'!$L61 -> 0 | T51: =+sum_sheet!S61*'Equivalence Factor'!$L61 -> 0 | U51: =+sum_sheet!T61*'Equivalence Factor'!$L61 -> 0 | V51: =+sum_sheet!U61*'Equivalence Factor'!$L61 -> 0 | ... AT51: =+sum_sheet!AS61*'Equivalence Factor'!$L61 -> 0
A52: IPPU | B52: ippu | C52: co2 | D52: emission_co2e_co2_ippu_production_chemicals | E52: :math:\text{CO}_2 Emissions from Industrial Production Processes | F52: 0 | G52: NA | H52: NA | I52: NA | J52: NA | K52: NA | L52: NA | M52: -1 | O52: =+sum_sheet!N62*'Equivalence Factor'!$L62 -> 0 | P52: =+sum_sheet!O62*'Equivalence Factor'!$L62 -> 0 | Q52: =+sum_sheet!P62*'Equivalence Factor'!$L62 -> 0 | R52: =+sum_sheet!Q62*'Equivalence Factor'!$L62 -> 0 | S52: =+sum_sheet!R62*'Equivalence Factor'!$L62 -> 0 | T52: =+sum_sheet!S62*'Equivalence Factor'!$L62 -> 0 | U52: =+sum_sheet!T62*'Equivalence Factor'!$L62 -> 0 | V52: =+sum_sheet!U62*'Equivalence Factor'!$L62 -> 0 | ... AT52: =+sum_sheet!AS62*'Equivalence Factor'!$L62 -> 0
A53: IPPU | B53: ippu | C53: co2 | D53: emission_co2e_co2_ippu_production_paper | E53: :math:\text{CO}_2 Emissions from Industrial Production Processes | F53: 0 | G53: NA | H53: NA | I53: NA | J53: NA | K53: NA | L53: NA | M53: -1 | O53: =+sum_sheet!N63*'Equivalence Factor'!$L63 -> 0 | P53: =+sum_sheet!O63*'Equivalence Factor'!$L63 -> 0 | Q53: =+sum_sheet!P63*'Equivalence Factor'!$L63 -> 0 | R53: =+sum_sheet!Q63*'Equivalence Factor'!$L63 -> 0 | S53: =+sum_sheet!R63*'Equivalence Factor'!$L63 -> 0 | T53: =+sum_sheet!S63*'Equivalence Factor'!$L63 -> 0 | U53: =+sum_sheet!T63*'Equivalence Factor'!$L63 -> 0 | V53: =+sum_sheet!U63*'Equivalence Factor'!$L63 -> 0 | ... AT53: =+sum_sheet!AS63*'Equivalence Factor'!$L63 -> 0
A54: IPPU | B54: ippu | C54: co2 | D54: emission_co2e_co2_ippu_production_plastic | E54: :math:\text{CO}_2 Emissions from Industrial Production Processes | F54: 0 | G54: NA | H54: NA | I54: NA | J54: NA | K54: NA | L54: NA | M54: -1 | O54: =+sum_sheet!N64*'Equivalence Factor'!$L64 -> 0 | P54: =+sum_sheet!O64*'Equivalence Factor'!$L64 -> 0 | Q54: =+sum_sheet!P64*'Equivalence Factor'!$L64 -> 0 | R54: =+sum_sheet!Q64*'Equivalence Factor'!$L64 -> 0 | S54: =+sum_sheet!R64*'Equivalence Factor'!$L64 -> 0 | T54: =+sum_sheet!S64*'Equivalence Factor'!$L64 -> 0 | U54: =+sum_sheet!T64*'Equivalence Factor'!$L64 -> 0 | V54: =+sum_sheet!U64*'Equivalence Factor'!$L64 -> 0 | ... AT54: =+sum_sheet!AS64*'Equivalence Factor'!$L64 -> 0
A55: IPPU | B55: ippu | C55: co2 | D55: emission_co2e_co2_ippu_production_product_use_lubricants | E55: :math:\text{CO}_2 Emissions from Industrial Production Processes | F55: 0 | G55: NA | H55: NA | I55: NA | J55: NA | K55: NA | L55: NA | M55: -1 | O55: =+sum_sheet!N65*'Equivalence Factor'!$L65 -> 0 | P55: =+sum_sheet!O65*'Equivalence Factor'!$L65 -> 0 | Q55: =+sum_sheet!P65*'Equivalence Factor'!$L65 -> 0 | R55: =+sum_sheet!Q65*'Equivalence Factor'!$L65 -> 0 | S55: =+sum_sheet!R65*'Equivalence Factor'!$L65 -> 0 | T55: =+sum_sheet!S65*'Equivalence Factor'!$L65 -> 0 | U55: =+sum_sheet!T65*'Equivalence Factor'!$L65 -> 0 | V55: =+sum_sheet!U65*'Equivalence Factor'!$L65 -> 0 | ... AT55: =+sum_sheet!AS65*'Equivalence Factor'!$L65 -> 0
A56: IPPU | B56: ippu | C56: co2 | D56: emission_co2e_co2_ippu_production_product_use_paraffin_wax | E56: :math:\text{CO}_2 Emissions from Industrial Production Processes | F56: 0 | G56: NA | H56: NA | I56: NA | J56: NA | K56: NA | L56: NA | M56: -1 | O56: =+sum_sheet!N66*'Equivalence Factor'!$L66 -> 0 | P56: =+sum_sheet!O66*'Equivalence Factor'!$L66 -> 0 | Q56: =+sum_sheet!P66*'Equivalence Factor'!$L66 -> 0 | R56: =+sum_sheet!Q66*'Equivalence Factor'!$L66 -> 0 | S56: =+sum_sheet!R66*'Equivalence Factor'!$L66 -> 0 | T56: =+sum_sheet!S66*'Equivalence Factor'!$L66 -> 0 | U56: =+sum_sheet!T66*'Equivalence Factor'!$L66 -> 0 | V56: =+sum_sheet!U66*'Equivalence Factor'!$L66 -> 0 | ... AT56: =+sum_sheet!AS66*'Equivalence Factor'!$L66 -> 0
... A59: IPPU | B59: ippu | C59: n2o | D59: emission_co2e_n2o_ippu_production_plastic | E59: :math:\text{N}_2\text{O} Emissions from Industrial Production Processes | F59: 0 | G59: NA | H59: NA | I59: NA | J59: NA | K59: NA | L59: NA | M59: -1 | O59: =+sum_sheet!N69*'Equivalence Factor'!$L69 -> 0 | P59: =+sum_sheet!O69*'Equivalence Factor'!$L69 -> 0 | Q59: =+sum_sheet!P69*'Equivalence Factor'!$L69 -> 0 | R59: =+sum_sheet!Q69*'Equivalence Factor'!$L69 -> 0 | S59: =+sum_sheet!R69*'Equivalence Factor'!$L69 -> 0 | T59: =+sum_sheet!S69*'Equivalence Factor'!$L69 -> 0 | U59: =+sum_sheet!T69*'Equivalence Factor'!$L69 -> 0 | V59: =+sum_sheet!U69*'Equivalence Factor'!$L69 -> 0 | ... AT59: =+sum_sheet!AS69*'Equivalence Factor'!$L69 -> 0
A60: Land Use | B60: lndu | C60: co2 | D60: emission_co2e_co2_lndu_biomass_sequestration_settlements | E60: :math:\text{CO}_2 Emissions from Land Use Biomass Sequestration | F60: 1 | G60: MMT | H60: co2e | I60: Forest Management | J60: Emissions (MMTCO2E) | K60: Urban Trees | M60: 40 | O60: =+sum_sheet!N70*'Equivalence Factor'!$L70 -> -1.3721827 | P60: =+sum_sheet!O70*'Equivalence Factor'!$L70 -> -1.3971828 | Q60: =+sum_sheet!P70*'Equivalence Factor'!$L70 -> -1.4221828 | R60: =+sum_sheet!Q70*'Equivalence Factor'!$L70 -> -1.4471829 | S60: =+sum_sheet!R70*'Equivalence Factor'!$L70 -> -1.4721829 | T60: =+sum_sheet!S70*'Equivalence Factor'!$L70 -> -1.4971829 | U60: =+sum_sheet!T70*'Equivalence Factor'!$L70 -> -1.522183 | V60: =+sum_sheet!U70*'Equivalence Factor'!$L70 -> -1.547183 | ... AT60: =+sum_sheet!AS70*'Equivalence Factor'!$L70 -> -2.1270009
A61: Land Use | B61: lndu | C61: co2_def | D61: emission_co2e_co2_lndu_conversion_forests_mangroves_to_croplands|emission_co2e_co2_lndu_conversion_forests_mangroves_to_flooded|emission_co2e_co2_lndu_conversion_forests_mangroves_to_grasslands|emission_co2e_co2_lndu_conversion_forests_mangroves_to_other|emission_co2e_co2_lndu_conversion_forests_mangroves_to_pastures|emission_co2e_co2_lndu_conversion_forests_mangroves_to_settlements|emission_co2e_co2_lndu_conversion_forests_mangroves_to_shrublands|emission_co2e_co2_lndu_conversion_forests_mangroves_to_wetlands|emission_co2e_co2_lndu_conversion_forests_primary_to_croplands|emission_co2e_co2_lndu_conversion_forests_primary_to_flooded|emission_co2e_co2_lndu_conversion_forests_primary_to_grasslands|emission_co2e_co2_lndu_conversion_forests_primary_to_other|emission_co2e_co2_lndu_conversion_forests_primary_to_pastures|emission_co2e_co2_lndu_conversion_forests_primary_to_settlements|emission_co2e_co2_lndu_conversion_forests_primary_to_shrublands|emission_co2e_co2_lndu_conversion_forests_primary_to_wetlands|emission_co2e_co2_lndu_conversion_forests_secondary_to_croplands|emission_co2e_co2_lndu_conversion_forests_secondary_to_flooded|emission_co2e_co2_lndu_conversion_forests_secondary_to_grasslands|emission_co2e_co2_lndu_conversion_forests_secondary_to_other|emission_co2e_co2_lndu_conversion_forests_secondary_to_pastures|emission_co2e_co2_lndu_conversion_forests_secondary_to_settlements|emission_co2e_co2_lndu_conversion_forests_secondary_to_shrublands|emission_co2e_co2_lndu_conversion_forests_secondary_to_wetlands | E61: :math:\text{CO}_2 Emissions from Land Use Conversion | F61: 1 | G61: MMT | H61: co2e | I61: Forest Management | J61: Emissions (MMTCO2E) | K61: Forest Land Converted to Land | L61: Aboveground Biomass|Belowground Biomass|Deadwood|Litter | M61: 35|36|37|38 | O61: =+sum_sheet!N71*'Equivalence Factor'!$L71 -> 1.75 | P61: =+sum_sheet!O71*'Equivalence Factor'!$L71 -> 1.76 | Q61: =+sum_sheet!P71*'Equivalence Factor'!$L71 -> 1.76 | R61: =+sum_sheet!Q71*'Equivalence Factor'!$L71 -> 1.77 | S61: =+sum_sheet!R71*'Equivalence Factor'!$L71 -> 1.78 | T61: =+sum_sheet!S71*'Equivalence Factor'!$L71 -> 1.79 | U61: =+sum_sheet!T71*'Equivalence Factor'!$L71 -> 1.8 | V61: =+sum_sheet!U71*'Equivalence Factor'!$L71 -> 1.82 | ... AT61: =+sum_sheet!AS71*'Equivalence Factor'!$L71 -> 2.05
A62: Land Use | B62: lndu | C62: ch4 | D62: emission_co2e_ch4_lndu_wetlands | E62: :math:\text{CH}_4 Emissions from Wetlands | F62: 0 | G62: NA | H62: NA | I62: NA | J62: NA | K62: NA | L62: NA | M62: -1 | O62: =+sum_sheet!N72*'Equivalence Factor'!$L72 -> 0 | P62: =+sum_sheet!O72*'Equivalence Factor'!$L72 -> 0 | Q62: =+sum_sheet!P72*'Equivalence Factor'!$L72 -> 0 | R62: =+sum_sheet!Q72*'Equivalence Factor'!$L72 -> 0 | S62: =+sum_sheet!R72*'Equivalence Factor'!$L72 -> 0 | T62: =+sum_sheet!S72*'Equivalence Factor'!$L72 -> 0 | U62: =+sum_sheet!T72*'Equivalence Factor'!$L72 -> 0 | V62: =+sum_sheet!U72*'Equivalence Factor'!$L72 -> 0 | ... AT62: =+sum_sheet!AS72*'Equivalence Factor'!$L72 -> 0
A63: Land Use | B63: lndu | C63: co2 | D63: emission_co2e_co2_lndu_biomass_sequestration_grasslands|emission_co2e_co2_lndu_biomass_sequestration_other|emission_co2e_co2_lndu_biomass_sequestration_pastures|emission_co2e_co2_lndu_biomass_sequestration_shrublands|emission_co2e_co2_lndu_biomass_sequestration_wetlands | E63: :math:\text{CO}_2 Emissions from Land Use Biomass Sequestration | F63: 0 | G63: NA | H63: NA | I63: NA | J63: NA | K63: NA | L63: NA | M63: -1 | O63: =+sum_sheet!N73*'Equivalence Factor'!$L73 -> 0 | P63: =+sum_sheet!O73*'Equivalence Factor'!$L73 -> 0 | Q63: =+sum_sheet!P73*'Equivalence Factor'!$L73 -> 0 | R63: =+sum_sheet!Q73*'Equivalence Factor'!$L73 -> 0 | S63: =+sum_sheet!R73*'Equivalence Factor'!$L73 -> 0 | T63: =+sum_sheet!S73*'Equivalence Factor'!$L73 -> 0 | U63: =+sum_sheet!T73*'Equivalence Factor'!$L73 -> 0 | V63: =+sum_sheet!U73*'Equivalence Factor'!$L73 -> 0 | ... AT63: =+sum_sheet!AS73*'Equivalence Factor'!$L73 -> 0
A64: Land Use | B64: lndu | C64: co2 | D64: emission_co2e_co2_lndu_conversion_croplands_to_croplands|emission_co2e_co2_lndu_conversion_croplands_to_flooded|emission_co2e_co2_lndu_conversion_croplands_to_grasslands|emission_co2e_co2_lndu_conversion_croplands_to_other|emission_co2e_co2_lndu_conversion_croplands_to_pastures|emission_co2e_co2_lndu_conversion_croplands_to_settlements|emission_co2e_co2_lndu_conversion_croplands_to_shrublands|emission_co2e_co2_lndu_conversion_croplands_to_wetlands|emission_co2e_co2_lndu_conversion_flooded_to_croplands|emission_co2e_co2_lndu_conversion_flooded_to_flooded|emission_co2e_co2_lndu_conversion_flooded_to_grasslands|emission_co2e_co2_lndu_conversion_flooded_to_other|emission_co2e_co2_lndu_conversion_flooded_to_pastures|emission_co2e_co2_lndu_conversion_flooded_to_settlements|emission_co2e_co2_lndu_conversion_flooded_to_shrublands|emission_co2e_co2_lndu_conversion_flooded_to_wetlands|emission_co2e_co2_lndu_conversion_forests_mangroves_to_forests_mangroves|emission_co2e_co2_lndu_conversion_forests_mangroves_to_forests_primary|emission_co2e_co2_lndu_conversion_forests_mangroves_to_forests_secondary|emission_co2e_co2_lndu_conversion_forests_primary_to_forests_mangroves|emission_co2e_co2_lndu_conversion_forests_primary_to_forests_primary|emission_co2e_co2_lndu_conversion_forests_primary_to_forests_secondary|emission_co2e_co2_lndu_conversion_forests_secondary_to_forests_mangroves|emission_co2e_co2_lndu_conversion_forests_secondary_to_forests_primary|emission_co2e_co2_lndu_conversion_forests_secondary_to_forests_secondary|emission_co2e_co2_lndu_conversion_grasslands_to_croplands|emission_co2e_co2_lndu_conversion_grasslands_to_flooded|emission_co2e_co2_lndu_conversion_grasslands_to_grasslands|emission_co2e_co2_lndu_conversion_grasslands_to_other|emission_co2e_co2_lndu_conversion_grasslands_to_pastures|emission_co2e_co2_lndu_conversion_grasslands_to_settlements|emission_co2e_co2_lndu_conversion_grasslands_to_shrublands|emission_co2e_co2_lndu_conversion_grasslands_to_wetlands|emission_co2e_co2_lndu_conversion_other_to_croplands|emission_co2e_co2_lndu_conversion_other_to_flooded|emission_co2e_co2_lndu_conversion_other_to_grasslands|emission_co2e_co2_lndu_conversion_other_to_other|emission_co2e_co2_lndu_conversion_other_to_pastures|emission_co2e_co2_lndu_conversion_other_to_settlements|emission_co2e_co2_lndu_conversion_other_to_shrublands|emission_co2e_co2_lndu_conversion_other_to_wetlands|emission_co2e_co2_lndu_conversion_pastures_to_croplands|emission_co2e_co2_lndu_conversion_pastures_to_flooded|emission_co2e_co2_lndu_conversion_pastures_to_grasslands|emission_co2e_co2_lndu_conversion_pastures_to_other|emission_co2e_co2_lndu_conversion_pastures_to_pastures|emission_co2e_co2_lndu_conversion_pastures_to_settlements|emission_co2e_co2_lndu_conversion_pastures_to_shrublands|emission_co2e_co2_lndu_conversion_pastures_to_wetlands|emission_co2e_co2_lndu_conversion_settlements_to_croplands|emission_co2e_co2_lndu_conversion_settlements_to_flooded|emission_co2e_co2_lndu_conversion_settlements_to_grasslands|emission_co2e_co2_lndu_conversion_settlements_to_other|emission_co2e_co2_lndu_conversion_settlements_to_pastures|emission_co2e_co2_lndu_conversion_settlements_to_settlements|emission_co2e_co2_lndu_conversion_settlements_to_shrublands|emission_co2e_co2_lndu_conversion_settlements_to_wetlands|emission_co2e_co2_lndu_conversion_shrublands_to_croplands|emission_co2e_co2_lndu_conversion_shrublands_to_flooded|emission_co2e_co2_lndu_conversion_shrublands_to_grasslands|emission_co2e_co2_lndu_conversion_shrublands_to_other|emission_co2e_co2_lndu_conversion_shrublands_to_pastures|emission_co2e_co2_lndu_conversion_shrublands_to_settlements|emission_co2e_co2_lndu_conversion_shrublands_to_shrublands|emission_co2e_co2_lndu_conversion_shrublands_to_wetlands|emission_co2e_co2_lndu_conversion_wetlands_to_croplands|emission_co2e_co2_lndu_conversion_wetlands_to_flooded|emission_co2e_co2_lndu_conversion_wetlands_to_grasslands|emission_co2e_co2_lndu_conversion_wetlands_to_other|emission_co2e_co2_lndu_conversion_wetlands_to_pastures|emission_co2e_co2_lndu_conversion_wetlands_to_settlements|emission_co2e_co2_lndu_conversion_wetlands_to_shrublands|emission_co2e_co2_lndu_conversion_wetlands_to_wetlands | E64: :math:\text{CO}_2 Emissions from Land Use Conversion | F64: 0 | G64: NA | H64: NA | I64: NA | J64: NA | K64: NA | L64: NA | M64: -1 | N64: Conversions between other non-forest land use types are not considered. It doesn't appear as though (https://www.epa.gov/system/files/documents/2025-01/land-use-change-and-forestry-users-guide.pdf) shrublands are considered a biomass sink. | O64: =+sum_sheet!N74*'Equivalence Factor'!$L74 -> 0 | P64: =+sum_sheet!O74*'Equivalence Factor'!$L74 -> 0 | Q64: =+sum_sheet!P74*'Equivalence Factor'!$L74 -> 0 | R64: =+sum_sheet!Q74*'Equivalence Factor'!$L74 -> 0 | S64: =+sum_sheet!R74*'Equivalence Factor'!$L74 -> 0 | T64: =+sum_sheet!S74*'Equivalence Factor'!$L74 -> 0 | U64: =+sum_sheet!T74*'Equivalence Factor'!$L74 -> 0 | V64: =+sum_sheet!U74*'Equivalence Factor'!$L74 -> 0 | ... AT64: =+sum_sheet!AS74*'Equivalence Factor'!$L74 -> 0
A65: Land Use | B65: lndu | C65: co2 | D65: emission_co2e_co2_lndu_conversion_croplands_to_forests_mangroves|emission_co2e_co2_lndu_conversion_croplands_to_forests_primary|emission_co2e_co2_lndu_conversion_croplands_to_forests_secondary|emission_co2e_co2_lndu_conversion_flooded_to_forests_mangroves|emission_co2e_co2_lndu_conversion_flooded_to_forests_primary|emission_co2e_co2_lndu_conversion_flooded_to_forests_secondary|emission_co2e_co2_lndu_conversion_grasslands_to_forests_mangroves|emission_co2e_co2_lndu_conversion_grasslands_to_forests_primary|emission_co2e_co2_lndu_conversion_grasslands_to_forests_secondary|emission_co2e_co2_lndu_conversion_other_to_forests_mangroves|emission_co2e_co2_lndu_conversion_other_to_forests_primary|emission_co2e_co2_lndu_conversion_other_to_forests_secondary|emission_co2e_co2_lndu_conversion_pastures_to_forests_mangroves|emission_co2e_co2_lndu_conversion_pastures_to_forests_primary|emission_co2e_co2_lndu_conversion_pastures_to_forests_secondary|emission_co2e_co2_lndu_conversion_settlements_to_forests_mangroves|emission_co2e_co2_lndu_conversion_settlements_to_forests_primary|emission_co2e_co2_lndu_conversion_settlements_to_forests_secondary|emission_co2e_co2_lndu_conversion_shrublands_to_forests_mangroves|emission_co2e_co2_lndu_conversion_shrublands_to_forests_primary|emission_co2e_co2_lndu_conversion_shrublands_to_forests_secondary|emission_co2e_co2_lndu_conversion_wetlands_to_forests_mangroves|emission_co2e_co2_lndu_conversion_wetlands_to_forests_primary|emission_co2e_co2_lndu_conversion_wetlands_to_forests_secondary | E65: :math:\text{CO}_2 Emissions from Land Use Conversion | F65: 0 | G65: NA | H65: NA | I65: NA | J65: NA | K65: NA | L65: NA | M65: -1 | N65: NOTE: there are equivalent rows in the Forest Management, but we do not account for conversions TO forest land immediately; those areas are accounted for in the next time step as part of "forest land remaining forest land", so they're not comparable | O65: =+sum_sheet!N75*'Equivalence Factor'!$L75 -> 0 | P65: =+sum_sheet!O75*'Equivalence Factor'!$L75 -> 0 | Q65: =+sum_sheet!P75*'Equivalence Factor'!$L75 -> 0 | R65: =+sum_sheet!Q75*'Equivalence Factor'!$L75 -> 0 | S65: =+sum_sheet!R75*'Equivalence Factor'!$L75 -> 0 | T65: =+sum_sheet!S75*'Equivalence Factor'!$L75 -> 0 | U65: =+sum_sheet!T75*'Equivalence Factor'!$L75 -> 0 | V65: =+sum_sheet!U75*'Equivalence Factor'!$L75 -> 0 | ... AT65: =+sum_sheet!AS75*'Equivalence Factor'!$L75 -> 0
A66: Livestock | B66: lvst | C66: ch4 | D66: emission_co2e_ch4_lvst_entferm_buffalo|emission_co2e_ch4_lvst_entferm_cattle_dairy|emission_co2e_ch4_lvst_entferm_cattle_nondairy|emission_co2e_ch4_lvst_entferm_chickens|emission_co2e_ch4_lvst_entferm_goats|emission_co2e_ch4_lvst_entferm_horses|emission_co2e_ch4_lvst_entferm_mules|emission_co2e_ch4_lvst_entferm_pigs|emission_co2e_ch4_lvst_entferm_sheep | E66: :math:\text{CH}_4 Emissions from Livestock Enteric Fermentation | F66: 1 | G66: MMT | H66: ch4 | I66: Agriculture | J66: Emissions by Gas (MMTCH4 or MMTN2O) | K66: Methane | L66: Enteric Fermentation | M66: 33 | O66: =+sum_sheet!N76*'Equivalence Factor'!$L76 -> 2.0097236 | P66: =+sum_sheet!O76*'Equivalence Factor'!$L76 -> 1.9278985 | Q66: =+sum_sheet!P76*'Equivalence Factor'!$L76 -> 1.8371499 | R66: =+sum_sheet!Q76*'Equivalence Factor'!$L76 -> 1.9176749 | S66: =+sum_sheet!R76*'Equivalence Factor'!$L76 -> 1.854712 | T66: =+sum_sheet!S76*'Equivalence Factor'!$L76 -> 1.9004568 | U66: =+sum_sheet!T76*'Equivalence Factor'!$L76 -> 1.9044954 | V66: =+sum_sheet!U76*'Equivalence Factor'!$L76 -> 1.8871496 | ... AT66: =+sum_sheet!AS76*'Equivalence Factor'!$L76 -> 1.5398113
A67: Livestock Manure Management | B67: lsmm | C67: ch4 | D67: emission_co2e_ch4_lsmm_anaerobic_digester|emission_co2e_ch4_lsmm_anaerobic_lagoon|emission_co2e_ch4_lsmm_composting|emission_co2e_ch4_lsmm_daily_spread|emission_co2e_ch4_lsmm_deep_bedding|emission_co2e_ch4_lsmm_dry_lot|emission_co2e_ch4_lsmm_incineration|emission_co2e_ch4_lsmm_liquid_slurry|emission_co2e_ch4_lsmm_paddock_pasture_range|emission_co2e_ch4_lsmm_poultry_manure|emission_co2e_ch4_lsmm_storage_solid | F67: 1 | G67: MMT | H67: ch4 | I67: Agriculture | J67: Emissions by Gas (MMTCH4 or MMTN2O) | K67: Methane | L67: Manure Management | M67: 34 | O67: =+sum_sheet!N77*'Equivalence Factor'!$L77 -> 0.2265942 | P67: =+sum_sheet!O77*'Equivalence Factor'!$L77 -> 0.20948585 | Q67: =+sum_sheet!P77*'Equivalence Factor'!$L77 -> 0.21014247 | R67: =+sum_sheet!Q77*'Equivalence Factor'!$L77 -> 0.22145686 | S67: =+sum_sheet!R77*'Equivalence Factor'!$L77 -> 0.21287599 | T67: =+sum_sheet!S77*'Equivalence Factor'!$L77 -> 0.21878315 | U67: =+sum_sheet!T77*'Equivalence Factor'!$L77 -> 0.20877924 | V67: =+sum_sheet!U77*'Equivalence Factor'!$L77 -> 0.19679305 | ... AT67: =+sum_sheet!AS77*'Equivalence Factor'!$L77 -> 0.15110718
A68: Livestock Manure Management | B68: lsmm | C68: n2o | D68: emission_co2e_n2o_lsmm_direct_anaerobic_digester|emission_co2e_n2o_lsmm_direct_anaerobic_lagoon|emission_co2e_n2o_lsmm_direct_composting|emission_co2e_n2o_lsmm_direct_daily_spread|emission_co2e_n2o_lsmm_direct_deep_bedding|emission_co2e_n2o_lsmm_direct_dry_lot|emission_co2e_n2o_lsmm_direct_incineration|emission_co2e_n2o_lsmm_direct_liquid_slurry|emission_co2e_n2o_lsmm_direct_paddock_pasture_range|emission_co2e_n2o_lsmm_direct_poultry_manure|emission_co2e_n2o_lsmm_direct_storage_solid|emission_co2e_n2o_lsmm_indirect_anaerobic_digester|emission_co2e_n2o_lsmm_indirect_anaerobic_lagoon|emission_co2e_n2o_lsmm_indirect_composting|emission_co2e_n2o_lsmm_indirect_daily_spread|emission_co2e_n2o_lsmm_indirect_deep_bedding|emission_co2e_n2o_lsmm_indirect_dry_lot|emission_co2e_n2o_lsmm_indirect_incineration|emission_co2e_n2o_lsmm_indirect_liquid_slurry|emission_co2e_n2o_lsmm_indirect_paddock_pasture_range|emission_co2e_n2o_lsmm_indirect_poultry_manure|emission_co2e_n2o_lsmm_indirect_storage_solid | E68: :math:\text{N}_2\text{O} Emissions from Manure Management | F68: 1 | G68: MMT | H68: n2o | I68: Agriculture | J68: Emissions by Gas (MMTCH4 or MMTN2O) | K68: Nitrous Oxide | L68: Manure Management | M68: 38 | O68: =+sum_sheet!N78*'Equivalence Factor'!$L78 -> 0.04108663 | P68: =+sum_sheet!O78*'Equivalence Factor'!$L78 -> 0.040086112 | Q68: =+sum_sheet!P78*'Equivalence Factor'!$L78 -> 0.037627429 | R68: =+sum_sheet!Q78*'Equivalence Factor'!$L78 -> 0.035345297 | S68: =+sum_sheet!R78*'Equivalence Factor'!$L78 -> 0.034585412 | T68: =+sum_sheet!S78*'Equivalence Factor'!$L78 -> 0.035690833 | U68: =+sum_sheet!T78*'Equivalence Factor'!$L78 -> 0.05124965 | V68: =+sum_sheet!U78*'Equivalence Factor'!$L78 -> 0.037147802 | ... AT68: =+sum_sheet!AS78*'Equivalence Factor'!$L78 -> 0.079211555
A69: Soil Management | B69: soil | C69: co2 | D69: emission_co2e_co2_soil_lime_use | E69: :math:\text{CO}_2 Emissions from Lime | F69: 1 | G69: MMT | H69: co2e | I69: Agriculture | J69: Emissions by Gas (MMTCH4 or MMTN2O) | K69: Carbon Dioxide | L69: Liming | M69: 30 | O69: =+sum_sheet!N79*'Equivalence Factor'!$L79 -> 0 | P69: =+sum_sheet!O79*'Equivalence Factor'!$L79 -> 0 | Q69: =+sum_sheet!P79*'Equivalence Factor'!$L79 -> 0 | R69: =+sum_sheet!Q79*'Equivalence Factor'!$L79 -> 0 | S69: =+sum_sheet!R79*'Equivalence Factor'!$L79 -> 0 | T69: =+sum_sheet!S79*'Equivalence Factor'!$L79 -> 0 | U69: =+sum_sheet!T79*'Equivalence Factor'!$L79 -> 0 | V69: =+sum_sheet!U79*'Equivalence Factor'!$L79 -> 0 | ... AT69: =+sum_sheet!AS79*'Equivalence Factor'!$L79 -> 0.047991337
