Workbook

Sheet Sheet 1
B1: PFLO:WEM | C1: PFLO:WAM
A2: Year1 | B2: 6004 | C2: 6005
A3: 2024 | B3: 0 | C3: 0
A4: 2025 | B4: 0.00080235508 | C4: 0.00080235508
A5: 2026 | B5: 0.0016206526 | C5: 0.0016206526
A6: 2027 | B6: 0.0024545215 | C6: 0.0024545215
A7: 2028 | B7: 0.0074670491 | C7: 0.012093193
A8: 2029 | B8: 0.011550307 | C8: 0.020933043
A9: 2030 | B9: 0.017971963 | C9: 0.032081073
A10: 2031 | B10: 0.024246924 | C10: 0.043103266
A11: 2032 | B11: 0.03038287 | C11: 0.054004296
A12: 2033 | B12: 0.036386047 | C12: 0.064787606
A13: 2034 | B13: 0.041609718 | C13: 0.074804573
A14: 2035 | B14: 0.046710121 | C14: 0.084710301
... A29: 2050 | B29: 0.11280392 | C29: 0.22379229

Sheet capex
D1: PFLO:WEM | AE1: PFLO:WAM
D2: 6004 | AE2: 6005
A3: Sector | B3: policy | C3: Unit | D3: 2024 | E3: 2025 | F3: 2026 | G3: 2027 | H3: 2028 | I3: 2029 | J3: 2030 | K3: 2031 | L3: 2032 | M3: 2033 | N3: 2034 | O3: 2035 | P3: 2036 | Q3: 2037 | R3: 2038 | S3: 2039 | T3: 2040 | U3: 2041 | V3: 2042 | W3: 2043 | X3: 2044 | Y3: 2045 | Z3: 2046 | AA3: 2047 | AB3: 2048 | AC3: 2049 | AD3: 2050 | AE3: 2024 | AF3: 2025 | AG3: 2026 | AH3: 2027 | AI3: 2028 | AJ3: 2029 | AK3: 2030 | AL3: 2031 | AM3: 2032 | AN3: 2033 | AO3: 2034 | AP3: 2035 | AQ3: 2036 | AR3: 2037 | AS3: 2038 | AT3: 2039 | AU3: 2040 | AV3: 2041 | AW3: 2042 | AX3: 2043 | AY3: 2044 | AZ3: 2045 | BA3: 2046 | BB3: 2047 | BC3: 2048 | BD3: 2049 | BE3: 2050
A4: IN - Industrial processes | B4: baseline | C4: Billion USD 2019 | D4: 0 | E4: 0 | F4: 0 | G4: 0 | H4: 0.00066592104 | I4: 0.0013320978 | J4: 0.0019985297 | K4: 0.002665232 | L4: 0.003332135 | M4: 0.0039991799 | N4: 0.0046664282 | O4: 0.0053339589 | P4: 0.006001741 | Q4: 0.0066697177 | R4: 0.0073378548 | S4: 0.0080061808 | T4: 0.0086747 | U4: 0.0093434059 | V4: 0.010012261 | W4: 0.010681252 | X4: 0.011350373 | Y4: 0.012019654 | Z4: 0.012689085 | AA4: 0.013358638 | AB4: 0.014028322 | AC4: 0.014698119 | AD4: 0.015368029 | AE4: 0 | AF4: 0 | AG4: 0 | AH4: 0 | AI4: 0.0048768662 | AJ4: 0.0097529064 | AK4: 0.014628121 | AL4: 0.019502539 | AM4: 0.024376044 | AN4: 0.029248544 | AO4: 0.034120147 | AP4: 0.038990989 | AQ4: 0.04386102 | AR4: 0.048730155 | AS4: 0.053598344 | AT4: 0.05846564 | AU4: 0.063332057 | AV4: 0.068197591 | AW4: 0.07306219 | AX4: 0.077925842 | AY4: 0.082788545 | AZ4: 0.087650355 | BA4: 0.092511266 | BB4: 0.097371242 | BC4: 0.1022303 | BD4: 0.10708844 | BE4: 0.11194565
A5: Waste - Solid waste | B5: baseline | C5: Billion USD 2019 | D5: 0 | E5: 0 | F5: 0 | G5: 0 | H5: 0.0030966589 | I5: 0.006115952 | J5: 0.0090634792 | K5: 0.011945243 | L5: 0.014765947 | M5: 0.017528773 | N5: 0.020237508 | O5: 0.02289749 | P5: 0.025513977 | Q5: 0.028091117 | R5: 0.030632045 | S5: 0.033139915 | T5: 0.035618045 | U5: 0.038069635 | V5: 0.040497293 | W5: 0.042903049 | X5: 0.045288698 | Y5: 0.047656312 | Z5: 0.05000825 | AA5: 0.052346493 | AB5: 0.054672797 | AC5: 0.056988935 | AD5: 0.059296542 | AE5: 0 | AF5: 0 | AG5: 0 | AH5: 0 | AI5: 0.0035117749 | AJ5: 0.0069747884 | AK5: 0.010390943 | AL5: 0.013763253 | AM5: 0.017093475 | AN5: 0.02038201 | AO5: 0.023630711 | AP5: 0.026843744 | AQ5: 0.030025205 | AR5: 0.033178039 | AS5: 0.036304263 | AT5: 0.039406314 | AU5: 0.042486964 | AV5: 0.045548986 | AW5: 0.048594481 | AX5: 0.051625049 | AY5: 0.054642141 | AZ5: 0.057647775 | BA5: 0.060644295 | BB5: 0.063633596 | BC5: 0.066617496 | BD5: 0.069597824 | BE5: 0.072576349
A6: Waste - Wastewater treatment (trww) | B6: baseline | C6: Billion USD 2019 | D6: 0 | E6: 0 | F6: 0 | G6: 0 | H6: 0 | I6: 0 | J6: 0 | K6: 0 | L6: 0 | M6: 0 | N6: 0 | O6: 0 | P6: 0 | Q6: 0 | R6: 0 | S6: 0 | T6: 0 | U6: 0 | V6: 0 | W6: 0 | X6: 0 | Y6: 0 | Z6: 0 | AA6: 0 | AB6: 0 | AC6: 0 | AD6: 0 | AE6: 0 | AF6: 0 | AG6: 0 | AH6: 0 | AI6: 0 | AJ6: 0 | AK6: 0 | AL6: 0 | AM6: 0 | AN6: 0 | AO6: 0 | AP6: 0 | AQ6: 0 | AR6: 0 | AS6: 0 | AT6: 0 | AU6: 0 | AV6: 0 | AW6: 0 | AX6: 0 | AY6: 0 | AZ6: 0 | BA6: 0 | BB6: 0 | BC6: 0 | BD6: 0 | BE6: 0
A7: AG - Crops | B7: baseline | C7: Billion USD 2019 | D7: 0 | E7: 0 | F7: 0 | G7: 0 | H7: 0.00040471062 | I7: 0.00080849485 | J7: 0.0012112003 | K7: 0.0016129426 | L7: 0.0020124719 | M7: 0.0024088248 | N7: 0.0028029402 | O7: 0.0031959444 | P7: 0.003587262 | Q7: 0.0039759962 | R7: 0.0043616415 | S7: 0.0047445887 | T7: 0.0051248733 | U7: 0.005502385 | V7: 0.005876622 | W7: 0.0062474314 | X7: 0.0066147511 | Y7: 0.0069789765 | Z7: 0.007339998 | AA7: 0.0076974806 | AB7: 0.0080515527 | AC7: 0.0084020408 | AD7: 0.0087489774 | AE7: 0 | AF7: 0 | AG7: 0 | AH7: 0 | AI7: 0.00040471062 | AJ7: 0.00080849485 | AK7: 0.0012112003 | AL7: 0.0016129426 | AM7: 0.0020124719 | AN7: 0.0024088248 | AO7: 0.0028029402 | AP7: 0.0031959444 | AQ7: 0.003587262 | AR7: 0.0039759962 | AS7: 0.0043616415 | AT7: 0.0047445887 | AU7: 0.0051248733 | AV7: 0.005502385 | AW7: 0.005876622 | AX7: 0.0062474314 | AY7: 0.0066147511 | AZ7: 0.0069789765 | BA7: 0.007339998 | BB7: 0.0076974806 | BC7: 0.0080515527 | BD7: 0.0084020408 | BE7: 0.0087489774
A8: AG - Livestock | B8: baseline | C8: Billion USD 2019 | D8: 0 | E8: 0.00080235508 | F8: 0.0016206526 | G8: 0.0024545215 | H8: 0.0033034412 | I8: 0.0041693631 | J8: 0.0050482606 | K8: 0.0059413135 | L8: 0.0068481822 | M8: 0.0077685314 | N8: 0.0087020169 | O8: 0.009648342 | P8: 0.010607178 | Q8: 0.011578236 | R8: 0.012561211 | S8: 0.013555828 | T8: 0.014561775 | U8: 0.015578829 | V8: 0.016606678 | W8: 0.017645095 | X8: 0.018693812 | Y8: 0.019752574 | Z8: 0.020821162 | AA8: 0.021899326 | AB8: 0.022986875 | AC8: 0.024083527 | AD8: 0.02517972 | AE8: 0 | AF8: 0.00080235508 | AG8: 0.0016206526 | AH8: 0.0024545215 | AI8: 0.0033035409 | AJ8: 0.0041693608 | AK8: 0.0050482523 | AL8: 0.0059413038 | AM8: 0.00684816 | AN8: 0.0077684982 | AO8: 0.0087019708 | AP8: 0.0096482658 | AQ8: 0.010607079 | AR8: 0.011578086 | AS8: 0.012561011 | AT8: 0.013555551 | AU8: 0.014561435 | AV8: 0.015578374 | AW8: 0.01660613 | AX8: 0.017644403 | AY8: 0.018692963 | AZ8: 0.019751576 | BA8: 0.020819974 | BB8: 0.021897925 | BC8: 0.022985236 | BD8: 0.024081623 | BE8: 0.02517756
A9: AG - Livestock (manure) | B9: baseline | C9: Billion USD 2019 | D9: 0 | E9: 0 | F9: 0 | G9: 0 | H9: 0 | I9: 0 | J9: 0 | K9: 0 | L9: 0 | M9: 0 | N9: -0.00065539332 | O9: -0.0013202081 | P9: -0.0019942404 | Q9: -0.0026769904 | R9: -0.0033679404 | S9: -0.0040668857 | T9: -0.0047735631 | U9: -0.005487676 | V9: -0.006208728 | W9: -0.0069363889 | X9: -0.0076703704 | Y9: -0.0084106143 | Z9: -0.0091568578 | AA9: -0.0099087104 | AB9: -0.010666036 | AC9: -0.011428517 | AD9: -0.012192613 | AE9: 0 | AF9: 0 | AG9: 0 | AH9: 0 | AI9: 0 | AJ9: 0 | AK9: 0 | AL9: 0 | AM9: 0 | AN9: 0 | AO9: -0.00065539074 | AP9: -0.0013202004 | AQ9: -0.0019942262 | AR9: -0.0026769659 | AS9: -0.0033678992 | AT9: -0.0040668279 | AU9: -0.0047734838 | AV9: -0.0054875605 | AW9: -0.0062085757 | AX9: -0.0069361855 | AY9: -0.0076701166 | AZ9: -0.0084103017 | BA9: -0.0091564784 | BB9: -0.0099082463 | BC9: -0.010665475 | BD9: -0.011427848 | BE9: -0.012191836
A10: LULUCF - Forest land | B10: baseline | C10: Billion USD 2019 | D10: 0 | E10: 0 | F10: 0 | G10: 0 | H10: 0 | I10: -0.00086809918 | J10: 0.00066217784 | K10: 0.0020980517 | L10: 0.0034441579 | M10: 0.0047049163 | N10: 0.0058845407 | O10: 0.0069870483 | P10: 0.008016269 | Q10: 0.0089758537 | R10: 0.0098692828 | S10: 0.010699873 | T10: 0.011470788 | U10: 0.01218504 | V10: 0.012845502 | W10: 0.013454911 | X10: 0.014015876 | Y10: 0.014530884 | Z10: 0.015002302 | AA10: 0.015432389 | AB10: 0.015823294 | AC10: 0.016177066 | AD10: 0.016495658 | AE10: 0 | AF10: 0 | AG10: 0 | AH10: 0 | AI10: 0 | AJ10: -0.0007649793 | AK10: 0.00081427482 | AL10: 0.0022991299 | AM10: 0.0036942216 | AN10: 0.00500397 | AO10: 0.0062325889 | AP10: 0.0073840957 | AQ10: 0.0084623206 | AR10: 0.0094709144 | AS10: 0.010413358 | AT10: 0.011292968 | AU10: 0.012112907 | AV10: 0.012876189 | AW10: 0.013585686 | AX10: 0.014244137 | AY10: 0.014854149 | AZ10: 0.015418209 | BA10: 0.015938686 | BB10: 0.016417837 | BC10: 0.016857812 | BD10: 0.01726066 | BE10: 0.017628334
B11: transformation 1

Sheet opex
D1: PFLO:WEM | AE1: PFLO:WAM
D2: 6004 | AE2: 6005
A3: Sector | B3: Unit | C3: opex factor | D3: 2024 | E3: 2025 | F3: 2026 | G3: 2027 | H3: 2028 | I3: 2029 | J3: 2030 | K3: 2031 | L3: 2032 | M3: 2033 | N3: 2034 | O3: 2035 | P3: 2036 | Q3: 2037 | R3: 2038 | S3: 2039 | T3: 2040 | U3: 2041 | V3: 2042 | W3: 2043 | X3: 2044 | Y3: 2045 | Z3: 2046 | AA3: 2047 | AB3: 2048 | AC3: 2049 | AD3: 2050 | AE3: 2024 | AF3: 2025 | AG3: 2026 | AH3: 2027 | AI3: 2028 | AJ3: 2029 | AK3: 2030 | AL3: 2031 | AM3: 2032 | AN3: 2033 | AO3: 2034 | AP3: 2035 | AQ3: 2036 | AR3: 2037 | AS3: 2038 | AT3: 2039 | AU3: 2040 | AV3: 2041 | AW3: 2042 | AX3: 2043 | AY3: 2044 | AZ3: 2045 | BA3: 2046 | BB3: 2047 | BC3: 2048 | BD3: 2049 | BE3: 2050
A4: IN - Industrial processes | B4: Billion USD 2019 | C4: 0.03 | D4: =+$C4*capex!D4 -> 0 | E4: =+$C4*capex!E4 -> 0 | F4: =+$C4*capex!F4 -> 0 | G4: =+$C4*capex!G4 -> 0 | H4: =+$C4*capex!H4 -> 1.9977631e-05 | I4: =+$C4*capex!I4 -> 3.9962933e-05 | J4: =+$C4*capex!J4 -> 5.995589e-05 | K4: =+$C4*capex!K4 -> 7.995696e-05 | ... BE4: =+$C4*capex!BE4 -> 0.0033583695
A5: Waste - Solid waste | B5: Billion USD 2019 | C5: 0.045 | D5: =+$C5*capex!D5 -> 0 | E5: =+$C5*capex!E5 -> 0 | F5: =+$C5*capex!F5 -> 0 | G5: =+$C5*capex!G5 -> 0 | H5: =+$C5*capex!H5 -> 0.00013934965 | I5: =+$C5*capex!I5 -> 0.00027521784 | J5: =+$C5*capex!J5 -> 0.00040785656 | K5: =+$C5*capex!K5 -> 0.00053753593 | ... BE5: =+$C5*capex!BE5 -> 0.0032659357
A6: Waste - Wastewater treatment (trww) | B6: Billion USD 2019 | C6: 0.045 | D6: =+$C6*capex!D6 -> 0 | E6: =+$C6*capex!E6 -> 0 | F6: =+$C6*capex!F6 -> 0 | G6: =+$C6*capex!G6 -> 0 | H6: =+$C6*capex!H6 -> 0 | I6: =+$C6*capex!I6 -> 0 | J6: =+$C6*capex!J6 -> 0 | K6: =+$C6*capex!K6 -> 0 | ... BE6: =+$C6*capex!BE6 -> 0
A7: AG - Crops | B7: Billion USD 2019 | C7: 0.03 | D7: =+$C7*capex!D7 -> 0 | E7: =+$C7*capex!E7 -> 0 | F7: =+$C7*capex!F7 -> 0 | G7: =+$C7*capex!G7 -> 0 | H7: =+$C7*capex!H7 -> 1.2141319e-05 | I7: =+$C7*capex!I7 -> 2.4254846e-05 | J7: =+$C7*capex!J7 -> 3.6336009e-05 | K7: =+$C7*capex!K7 -> 4.8388277e-05 | ... BE7: =+$C7*capex!BE7 -> 0.00026246932
A8: AG - Livestock | B8: Billion USD 2019 | C8: 0.03 | D8: =+$C8*capex!D8 -> 0 | E8: =+$C8*capex!E8 -> 2.4070652e-05 | F8: =+$C8*capex!F8 -> 4.8619578e-05 | G8: =+$C8*capex!G8 -> 7.3635646e-05 | H8: =+$C8*capex!H8 -> 9.9103237e-05 | I8: =+$C8*capex!I8 -> 0.00012508089 | J8: =+$C8*capex!J8 -> 0.00015144782 | K8: =+$C8*capex!K8 -> 0.00017823941 | ... BE8: =+$C8*capex!BE8 -> 0.0007553268
A9: AG - Livestock (manure) | B9: Billion USD 2019 | C9: 0.03 | D9: =+$C9*capex!D9 -> 0 | E9: =+$C9*capex!E9 -> 0 | F9: =+$C9*capex!F9 -> 0 | G9: =+$C9*capex!G9 -> 0 | H9: =+$C9*capex!H9 -> 0 | I9: =+$C9*capex!I9 -> 0 | J9: =+$C9*capex!J9 -> 0 | K9: =+$C9*capex!K9 -> 0 | ... BE9: =+$C9*capex!BE9 -> -0.00036575508
A10: LULUCF - Forest land | B10: Billion USD 2019 | C10: 0.015 | D10: =+$C10*capex!D10 -> 0 | E10: =+$C10*capex!E10 -> 0 | F10: =+$C10*capex!F10 -> 0 | G10: =+$C10*capex!G10 -> 0 | H10: =+$C10*capex!H10 -> 0 | I10: =+$C10*capex!I10 -> -1.3021488e-05 | J10: =+$C10*capex!J10 -> 9.9326676e-06 | K10: =+$C10*capex!K10 -> 3.1470775e-05 | ... BE10: =+$C10*capex!BE10 -> 0.000264425
